[
{
    "model": "auth.user",
    "pk": 1,
    "fields": {
        "password": "pbkdf2_sha256$24000$FMzFCyyYGux4$pe/BSfSGrmmOfD0zTEfJGVRW+eM8YEfp0efcSXzzbRU=",
        "last_login": "2017-08-12T08:45:51.555Z",
        "is_superuser": true,
        "username": "maximilien",
        "first_name": "",
        "last_name": "",
        "email": "maximilien@gmail.com",
        "is_staff": true,
        "is_active": true,
        "date_joined": "2017-06-25T14:11:46.316Z",
        "groups": [],
        "user_permissions": []
    }
},
{
    "model": "auth.user",
    "pk": 5,
    "fields": {
        "password": "pbkdf2_sha256$24000$DcJSMPOwWCeD$1HaFRPYWv8c6g6V+fBwXsqDka4rCN0VWygmdfw3rHbE=",
        "last_login": "2017-07-15T21:49:09.817Z",
        "is_superuser": false,
        "username": "@teamcc",
        "first_name": "challenge",
        "last_name": "camp",
        "email": "maximiliengdeb@gmail.com",
        "is_staff": false,
        "is_active": true,
        "date_joined": "2017-07-15T21:49:09.638Z",
        "groups": [],
        "user_permissions": []
    }
},
{
    "model": "auth.user",
    "pk": 6,
    "fields": {
        "password": "pbkdf2_sha256$24000$U4UtV61FtBGx$KNYv6xUOc0jLZhPlN4uGDpuUZVHkdIxM4K6eEBfNCY4=",
        "last_login": "2017-08-25T16:56:40.434Z",
        "is_superuser": false,
        "username": "max",
        "first_name": "maximilien",
        "last_name": "de bouill\u00e9",
        "email": "maximiliengdeb@gmail.com",
        "is_staff": false,
        "is_active": true,
        "date_joined": "2017-07-15T21:49:26Z",
        "groups": [],
        "user_permissions": []
    }
},
{
    "model": "auth.user",
    "pk": 7,
    "fields": {
        "password": "pbkdf2_sha256$24000$S7QGoHCC9chG$GJy8WiFTjb/MyNrgiCDsR3fJpswbABNorBtiKtg+wGk=",
        "last_login": "2017-08-25T16:32:38.134Z",
        "is_superuser": false,
        "username": "luc",
        "first_name": "luc",
        "last_name": "decourt",
        "email": "maximiliengdeb@gmail.com",
        "is_staff": false,
        "is_active": true,
        "date_joined": "2017-07-15T21:49:44Z",
        "groups": [],
        "user_permissions": []
    }
},
{
    "model": "auth.user",
    "pk": 8,
    "fields": {
        "password": "pbkdf2_sha256$24000$b9lbuDvtyVPH$gufLLiH2eyH8SNWIFpz9VrkTfjoWwCsUUv/0ps1r5QE=",
        "last_login": "2017-07-15T21:50:04Z",
        "is_superuser": false,
        "username": "tom",
        "first_name": "tom",
        "last_name": "deville",
        "email": "maximiliengdeb@gmail.com",
        "is_staff": false,
        "is_active": true,
        "date_joined": "2017-07-15T21:50:04Z",
        "groups": [],
        "user_permissions": []
    }
},
{
    "model": "auth.user",
    "pk": 9,
    "fields": {
        "password": "pbkdf2_sha256$24000$iuDARJf4Bq9O$JyLGQBIX4CnwKe5i2dDlHexh2UfY9GnFcEjMOEr104o=",
        "last_login": "2017-08-07T16:57:04.556Z",
        "is_superuser": false,
        "username": "paul",
        "first_name": "paul",
        "last_name": "toutou",
        "email": "maximiliengdeb@gmail.com",
        "is_staff": false,
        "is_active": true,
        "date_joined": "2017-07-15T21:50:23Z",
        "groups": [],
        "user_permissions": []
    }
},
{
    "model": "auth.user",
    "pk": 22,
    "fields": {
        "password": "pbkdf2_sha256$24000$pdIJJuNnYqsR$KQTP83mdVGm1Ke4JyOFRM3PzAOTtqf9PuVXSn5kP0Lk=",
        "last_login": null,
        "is_superuser": false,
        "username": "testemail",
        "first_name": "maximilien",
        "last_name": "de bouill\u00e9",
        "email": "maximiliengdeb@gmail.com",
        "is_staff": false,
        "is_active": true,
        "date_joined": "2017-07-22T14:23:46.313Z",
        "groups": [],
        "user_permissions": []
    }
},
{
    "model": "auth.user",
    "pk": 23,
    "fields": {
        "password": "pbkdf2_sha256$24000$WwzG68dEeFg2$/mRT4dpi9PyoUMFPFunjZ2WyE0F9b5RrLy+/9jUmVmk=",
        "last_login": null,
        "is_superuser": false,
        "username": "testemaile",
        "first_name": "maximilien",
        "last_name": "de bouill\u00e9",
        "email": "maximiliengdeb@gmail.com",
        "is_staff": false,
        "is_active": true,
        "date_joined": "2017-07-22T14:25:34.320Z",
        "groups": [],
        "user_permissions": []
    }
},
{
    "model": "auth.user",
    "pk": 24,
    "fields": {
        "password": "pbkdf2_sha256$24000$VXm15JQs6v1k$YknxCWjekScxxyqz+rjvk11CmJNLTHw+0BKvE1FOaj0=",
        "last_login": null,
        "is_superuser": false,
        "username": "testemailee",
        "first_name": "maximilien",
        "last_name": "de bouill\u00e9",
        "email": "maximiliengdeb@gmail.com",
        "is_staff": false,
        "is_active": true,
        "date_joined": "2017-07-22T14:29:50.114Z",
        "groups": [],
        "user_permissions": []
    }
},
{
    "model": "auth.user",
    "pk": 25,
    "fields": {
        "password": "pbkdf2_sha256$24000$eFkVZoG9OCJD$BenC565tF4/ePn7UI/NwfTfAw4Tmh21Q2pchApUtqbQ=",
        "last_login": "2017-07-22T14:34:25.531Z",
        "is_superuser": false,
        "username": "testemaileer",
        "first_name": "maximilien",
        "last_name": "de bouill\u00e9",
        "email": "maximiliengdeb@gmail.com",
        "is_staff": false,
        "is_active": true,
        "date_joined": "2017-07-22T14:34:21.109Z",
        "groups": [],
        "user_permissions": []
    }
},
{
    "model": "auth.user",
    "pk": 26,
    "fields": {
        "password": "pbkdf2_sha256$24000$6JyvFK7VwslU$JyuD9KaDSaGVZagNW4k2XamFT9KTeimntRVSwyM5XS0=",
        "last_login": null,
        "is_superuser": false,
        "username": "trest",
        "first_name": "maximilien",
        "last_name": "de bouill\u00e9",
        "email": "maximiliengdeb@gmail.com",
        "is_staff": false,
        "is_active": true,
        "date_joined": "2017-07-22T14:42:22.002Z",
        "groups": [],
        "user_permissions": []
    }
},
{
    "model": "auth.user",
    "pk": 27,
    "fields": {
        "password": "pbkdf2_sha256$24000$dB71WDE95y6I$/JY3yWw6j6d2j3CbZpJ3RIZJmhWpXCr+WpUJmX6RUVY=",
        "last_login": null,
        "is_superuser": false,
        "username": "trestgf",
        "first_name": "maximilien",
        "last_name": "de bouill\u00e9",
        "email": "maximiliengdeb@gmail.com",
        "is_staff": false,
        "is_active": true,
        "date_joined": "2017-07-22T14:42:46.568Z",
        "groups": [],
        "user_permissions": []
    }
},
{
    "model": "auth.user",
    "pk": 28,
    "fields": {
        "password": "pbkdf2_sha256$24000$aSWbDwXicQHw$4PZt7MXpCEHf8twwfgI558lVnPIBJbTtM1gNmy8JeO4=",
        "last_login": null,
        "is_superuser": false,
        "username": "trestgfs",
        "first_name": "maximilien",
        "last_name": "de bouill\u00e9",
        "email": "maximiliengdeb@gmail.com",
        "is_staff": false,
        "is_active": true,
        "date_joined": "2017-07-22T14:43:01.348Z",
        "groups": [],
        "user_permissions": []
    }
},
{
    "model": "auth.user",
    "pk": 29,
    "fields": {
        "password": "pbkdf2_sha256$24000$GHJ1FHtHcdze$wyrnuqndFVm6QBBycUWqHd3UHSJf8m/D2rj/h4DJ0Mw=",
        "last_login": "2017-07-22T14:43:26.810Z",
        "is_superuser": false,
        "username": "trestgfszd",
        "first_name": "maximilien",
        "last_name": "de bouill\u00e9",
        "email": "maximiliengdeb@gmail.com",
        "is_staff": false,
        "is_active": true,
        "date_joined": "2017-07-22T14:43:21.824Z",
        "groups": [],
        "user_permissions": []
    }
},
{
    "model": "auth.user",
    "pk": 30,
    "fields": {
        "password": "pbkdf2_sha256$24000$hsM1SYKHlwHw$EUFhqjmesr2OEj9YRJU4wfXutufFnGTn0Fz1iyi018k=",
        "last_login": "2017-07-22T14:45:23.106Z",
        "is_superuser": false,
        "username": "shxbdhfnb",
        "first_name": "maximilien",
        "last_name": "de bouill\u00e9",
        "email": "maximiliengdeb@gmail.com",
        "is_staff": false,
        "is_active": true,
        "date_joined": "2017-07-22T14:45:20.026Z",
        "groups": [],
        "user_permissions": []
    }
},
{
    "model": "auth.user",
    "pk": 31,
    "fields": {
        "password": "pbkdf2_sha256$24000$BYQ8lS9Q2UkI$mL3CiAyAOEL/UCrWoxGFRAFdtaIYOL7Ie4bLbl1t4Lg=",
        "last_login": "2017-07-24T15:37:08.000Z",
        "is_superuser": false,
        "username": "testest",
        "first_name": "maximilien",
        "last_name": "de bouill\u00e9",
        "email": "maximiliengdeb@gmail.com",
        "is_staff": false,
        "is_active": true,
        "date_joined": "2017-07-24T15:37:02.420Z",
        "groups": [],
        "user_permissions": []
    }
},
{
    "model": "CC.photo",
    "pk": 1,
    "fields": {
        "nom": "ppdefault",
        "thumbnail": "image/thumbs/avatar-profil-facebook-1.jpg",
        "image": "image/avatar-profil-facebook-1_78vsI0s.jpg"
    }
},
{
    "model": "CC.photo",
    "pk": 2,
    "fields": {
        "nom": "Musculation",
        "thumbnail": "image/thumbs/avatar-profil-facebook-1_TwEGR19.jpg",
        "image": "image/avatar-profil-facebook-1_yPtSle2.jpg"
    }
},
{
    "model": "CC.photo",
    "pk": 3,
    "fields": {
        "nom": "test",
        "thumbnail": "image/thumbs/back1.jpg",
        "image": "image/back1.jpg"
    }
},
{
    "model": "CC.photo",
    "pk": 4,
    "fields": {
        "nom": "test3",
        "thumbnail": "image/thumbs/back2.jpg",
        "image": "image/back2.jpg"
    }
},
{
    "model": "CC.photo",
    "pk": 5,
    "fields": {
        "nom": "test3",
        "thumbnail": "image/thumbs/back3.jpg",
        "image": "image/back3.jpg"
    }
},
{
    "model": "CC.photo",
    "pk": 6,
    "fields": {
        "nom": "test3",
        "thumbnail": "image/thumbs/back3_K7NBDX7.jpg",
        "image": "image/back3_sLT5sI6.jpg"
    }
},
{
    "model": "CC.photo",
    "pk": 7,
    "fields": {
        "nom": "okoko",
        "thumbnail": "",
        "image": "image/back3_0k1bkZS.jpg"
    }
},
{
    "model": "CC.photo",
    "pk": 8,
    "fields": {
        "nom": "okoko2",
        "thumbnail": "",
        "image": "image/back2_bhC4npV.jpg"
    }
},
{
    "model": "CC.photo",
    "pk": 9,
    "fields": {
        "nom": "okoko2",
        "thumbnail": "",
        "image": "image/back2_1RH3GcY.jpg"
    }
},
{
    "model": "CC.photo",
    "pk": 10,
    "fields": {
        "nom": "okoko22",
        "thumbnail": "image/thumbs/back2_xIBRwvy.jpg",
        "image": "image/back2_RMFL0lJ.jpg"
    }
},
{
    "model": "CC.photo",
    "pk": 11,
    "fields": {
        "nom": "okoko223",
        "thumbnail": "image/thumbs/image.jpg",
        "image": "image/image.jpg"
    }
},
{
    "model": "CC.photo",
    "pk": 12,
    "fields": {
        "nom": "padefault",
        "thumbnail": "image/thumbs/image_w3Qxzz7.jpg",
        "image": "image/image_GLaKjyv.jpg"
    }
},
{
    "model": "CC.photo",
    "pk": 13,
    "fields": {
        "nom": "photodeprofilmax",
        "thumbnail": "image/thumbs/back1_ZhklDFk.jpg",
        "image": "image/back1_sOTVcUX.jpg"
    }
},
{
    "model": "CC.photo",
    "pk": 14,
    "fields": {
        "nom": "photodeprofilmax",
        "thumbnail": "image/thumbs/back1_PImNXai.jpg",
        "image": "image/back1_EAXYiNb.jpg"
    }
},
{
    "model": "CC.photo",
    "pk": 15,
    "fields": {
        "nom": "photodeprofilmax",
        "thumbnail": "image/thumbs/back3_1GPXGh3.jpg",
        "image": "image/back3_yB6uoOK.jpg"
    }
},
{
    "model": "CC.photo",
    "pk": 16,
    "fields": {
        "nom": "photodeprofilmax",
        "thumbnail": "image/thumbs/back1_uHZ5khm.jpg",
        "image": "image/back1_clrfsU0.jpg"
    }
},
{
    "model": "CC.photo",
    "pk": 17,
    "fields": {
        "nom": "photodeprofilmax",
        "thumbnail": "image/thumbs/20170528_223224.jpg",
        "image": "image/20170528_223224.jpg"
    }
},
{
    "model": "CC.photo",
    "pk": 18,
    "fields": {
        "nom": "photodeprofilmax",
        "thumbnail": "image/thumbs/20170528_223224_GVa4kmK.jpg",
        "image": "image/20170528_223224_BIDjO2h.jpg"
    }
},
{
    "model": "CC.photo",
    "pk": 19,
    "fields": {
        "nom": "photodeprofilmax",
        "thumbnail": "image/thumbs/20170528_223224_Qm4jfGp.jpg",
        "image": "image/20170528_223224_CYTWYqH.jpg"
    }
},
{
    "model": "CC.photo",
    "pk": 20,
    "fields": {
        "nom": "photodeprofilmax",
        "thumbnail": "image/thumbs/20170731_195205.jpg",
        "image": "image/20170731_195205.jpg"
    }
},
{
    "model": "CC.photo",
    "pk": 21,
    "fields": {
        "nom": "photodeprofilluc",
        "thumbnail": "image/thumbs/IMG_20170719_143219.jpg",
        "image": "image/IMG_20170719_143219_rY8gxtL.jpg"
    }
},
{
    "model": "CC.photo",
    "pk": 22,
    "fields": {
        "nom": "photodeprofilluc",
        "thumbnail": "image/thumbs/20170719_135328.jpg",
        "image": "image/20170719_135328.jpg"
    }
},
{
    "model": "CC.utilisateur",
    "pk": 5,
    "fields": {
        "position": false,
        "derniere_connexion": "2017-08-25T17:52:08.331Z",
        "latitude": "0",
        "longitude": "0",
        "email_valide": false,
        "age": 0,
        "score_absolu": 0,
        "score_race": 0,
        "score_cuisine": 0,
        "score_sport": 0,
        "score_extreme": 0,
        "score_social_environnement": 0,
        "score_autre": 0,
        "score_arts": 0,
        "pp": 10,
        "pa": 11,
        "nom_entier": "challenge camp",
        "info": "Sans description",
        "groups": [],
        "user_permissions": [],
        "amis": []
    }
},
{
    "model": "CC.utilisateur",
    "pk": 6,
    "fields": {
        "position": true,
        "derniere_connexion": "2017-08-25T17:52:08.331Z",
        "latitude": "48.833209",
        "longitude": "2.2359801999999998",
        "email_valide": false,
        "age": 0,
        "score_absolu": 20,
        "score_race": 0,
        "score_cuisine": 10,
        "score_sport": 5,
        "score_extreme": 0,
        "score_social_environnement": 0,
        "score_autre": 0,
        "score_arts": 10,
        "pp": 20,
        "pa": 19,
        "nom_entier": "maximilien de bouill\u00e9",
        "info": "Sans description",
        "groups": [],
        "user_permissions": [],
        "amis": [
            7,
            8,
            9
        ]
    }
},
{
    "model": "CC.utilisateur",
    "pk": 7,
    "fields": {
        "position": true,
        "derniere_connexion": "2017-08-25T16:35:13.503Z",
        "latitude": "48.833209",
        "longitude": "2.2359801999999998",
        "email_valide": false,
        "age": 0,
        "score_absolu": 5,
        "score_race": 0,
        "score_cuisine": 5,
        "score_sport": 0,
        "score_extreme": 0,
        "score_social_environnement": 0,
        "score_autre": 0,
        "score_arts": 0,
        "pp": 21,
        "pa": 22,
        "nom_entier": "luc decourt",
        "info": "Sans description",
        "groups": [],
        "user_permissions": [],
        "amis": [
            6,
            9
        ]
    }
},
{
    "model": "CC.utilisateur",
    "pk": 8,
    "fields": {
        "position": true,
        "derniere_connexion": "2017-08-25T17:52:08.331Z",
        "latitude": "0",
        "longitude": "0",
        "email_valide": false,
        "age": 0,
        "score_absolu": 0,
        "score_race": 0,
        "score_cuisine": 0,
        "score_sport": 0,
        "score_extreme": 0,
        "score_social_environnement": 0,
        "score_autre": 0,
        "score_arts": 0,
        "pp": 10,
        "pa": 11,
        "nom_entier": "tom deville",
        "info": "Sans description",
        "groups": [],
        "user_permissions": [],
        "amis": [
            6,
            9
        ]
    }
},
{
    "model": "CC.utilisateur",
    "pk": 9,
    "fields": {
        "position": true,
        "derniere_connexion": "2017-07-28T17:49:36Z",
        "latitude": "48.8280859",
        "longitude": "2.2911898",
        "email_valide": false,
        "age": 0,
        "score_absolu": 75,
        "score_race": 0,
        "score_cuisine": 50,
        "score_sport": 20,
        "score_extreme": 0,
        "score_social_environnement": 0,
        "score_autre": 0,
        "score_arts": 5,
        "pp": 10,
        "pa": 11,
        "nom_entier": "paul toutou",
        "info": "Sans description",
        "groups": [],
        "user_permissions": [],
        "amis": [
            6
        ]
    }
},
{
    "model": "CC.utilisateur",
    "pk": 22,
    "fields": {
        "position": false,
        "derniere_connexion": "2017-08-25T17:52:08.331Z",
        "latitude": "0",
        "longitude": "0",
        "email_valide": false,
        "age": 0,
        "score_absolu": 0,
        "score_race": 0,
        "score_cuisine": 0,
        "score_sport": 0,
        "score_extreme": 0,
        "score_social_environnement": 0,
        "score_autre": 0,
        "score_arts": 0,
        "pp": 10,
        "pa": 11,
        "nom_entier": "maximilien de bouill\u00e9",
        "info": "Sans description",
        "groups": [],
        "user_permissions": [],
        "amis": []
    }
},
{
    "model": "CC.utilisateur",
    "pk": 23,
    "fields": {
        "position": false,
        "derniere_connexion": "2017-08-25T17:52:08.331Z",
        "latitude": "0",
        "longitude": "0",
        "email_valide": false,
        "age": 0,
        "score_absolu": 0,
        "score_race": 0,
        "score_cuisine": 0,
        "score_sport": 0,
        "score_extreme": 0,
        "score_social_environnement": 0,
        "score_autre": 0,
        "score_arts": 0,
        "pp": 10,
        "pa": 11,
        "nom_entier": "maximilien de bouill\u00e9",
        "info": "Sans description",
        "groups": [],
        "user_permissions": [],
        "amis": []
    }
},
{
    "model": "CC.utilisateur",
    "pk": 24,
    "fields": {
        "position": false,
        "derniere_connexion": "2017-08-25T17:52:08.331Z",
        "latitude": "0",
        "longitude": "0",
        "email_valide": false,
        "age": 0,
        "score_absolu": 0,
        "score_race": 0,
        "score_cuisine": 0,
        "score_sport": 0,
        "score_extreme": 0,
        "score_social_environnement": 0,
        "score_autre": 0,
        "score_arts": 0,
        "pp": 10,
        "pa": 11,
        "nom_entier": "maximilien de bouill\u00e9",
        "info": "Sans description",
        "groups": [],
        "user_permissions": [],
        "amis": []
    }
},
{
    "model": "CC.utilisateur",
    "pk": 25,
    "fields": {
        "position": false,
        "derniere_connexion": "2017-08-25T17:52:08.331Z",
        "latitude": "0",
        "longitude": "0",
        "email_valide": false,
        "age": 0,
        "score_absolu": 0,
        "score_race": 0,
        "score_cuisine": 0,
        "score_sport": 0,
        "score_extreme": 0,
        "score_social_environnement": 0,
        "score_autre": 0,
        "score_arts": 0,
        "pp": 10,
        "pa": 11,
        "nom_entier": "maximilien de bouill\u00e9",
        "info": "Sans description",
        "groups": [],
        "user_permissions": [],
        "amis": []
    }
},
{
    "model": "CC.utilisateur",
    "pk": 26,
    "fields": {
        "position": false,
        "derniere_connexion": "2017-08-25T17:52:08.331Z",
        "latitude": "0",
        "longitude": "0",
        "email_valide": false,
        "age": 0,
        "score_absolu": 0,
        "score_race": 0,
        "score_cuisine": 0,
        "score_sport": 0,
        "score_extreme": 0,
        "score_social_environnement": 0,
        "score_autre": 0,
        "score_arts": 0,
        "pp": 10,
        "pa": 11,
        "nom_entier": "maximilien de bouill\u00e9",
        "info": "Sans description",
        "groups": [],
        "user_permissions": [],
        "amis": []
    }
},
{
    "model": "CC.utilisateur",
    "pk": 27,
    "fields": {
        "position": false,
        "derniere_connexion": "2017-08-25T17:52:08.331Z",
        "latitude": "0",
        "longitude": "0",
        "email_valide": false,
        "age": 0,
        "score_absolu": 0,
        "score_race": 0,
        "score_cuisine": 0,
        "score_sport": 0,
        "score_extreme": 0,
        "score_social_environnement": 0,
        "score_autre": 0,
        "score_arts": 0,
        "pp": 10,
        "pa": 11,
        "nom_entier": "maximilien de bouill\u00e9",
        "info": "Sans description",
        "groups": [],
        "user_permissions": [],
        "amis": []
    }
},
{
    "model": "CC.utilisateur",
    "pk": 28,
    "fields": {
        "position": false,
        "derniere_connexion": "2017-08-25T17:52:08.331Z",
        "latitude": "0",
        "longitude": "0",
        "email_valide": false,
        "age": 0,
        "score_absolu": 0,
        "score_race": 0,
        "score_cuisine": 0,
        "score_sport": 0,
        "score_extreme": 0,
        "score_social_environnement": 0,
        "score_autre": 0,
        "score_arts": 0,
        "pp": 10,
        "pa": 11,
        "nom_entier": "maximilien de bouill\u00e9",
        "info": "Sans description",
        "groups": [],
        "user_permissions": [],
        "amis": []
    }
},
{
    "model": "CC.utilisateur",
    "pk": 29,
    "fields": {
        "position": false,
        "derniere_connexion": "2017-08-25T17:52:08.331Z",
        "latitude": "0",
        "longitude": "0",
        "email_valide": false,
        "age": 0,
        "score_absolu": 0,
        "score_race": 0,
        "score_cuisine": 0,
        "score_sport": 0,
        "score_extreme": 0,
        "score_social_environnement": 0,
        "score_autre": 0,
        "score_arts": 0,
        "pp": 10,
        "pa": 11,
        "nom_entier": "maximilien de bouill\u00e9",
        "info": "Sans description",
        "groups": [],
        "user_permissions": [],
        "amis": []
    }
},
{
    "model": "CC.utilisateur",
    "pk": 30,
    "fields": {
        "position": false,
        "derniere_connexion": "2017-08-25T17:52:08.331Z",
        "latitude": "0",
        "longitude": "0",
        "email_valide": false,
        "age": 0,
        "score_absolu": 0,
        "score_race": 0,
        "score_cuisine": 0,
        "score_sport": 0,
        "score_extreme": 0,
        "score_social_environnement": 0,
        "score_autre": 0,
        "score_arts": 0,
        "pp": 10,
        "pa": 11,
        "nom_entier": "maximilien de bouill\u00e9",
        "info": "Sans description",
        "groups": [],
        "user_permissions": [],
        "amis": []
    }
},
{
    "model": "CC.utilisateur",
    "pk": 31,
    "fields": {
        "position": false,
        "derniere_connexion": "2017-08-25T17:52:08.331Z",
        "latitude": "0",
        "longitude": "0",
        "email_valide": true,
        "age": 0,
        "score_absolu": 0,
        "score_race": 0,
        "score_cuisine": 0,
        "score_sport": 0,
        "score_extreme": 0,
        "score_social_environnement": 0,
        "score_autre": 0,
        "score_arts": 0,
        "pp": 10,
        "pa": 11,
        "nom_entier": "maximilien de bouill\u00e9",
        "info": "Sans description",
        "groups": [],
        "user_permissions": [],
        "amis": []
    }
},
{
    "model": "CC.notification",
    "pk": 37,
    "fields": {
        "type": "DA",
        "message": "Paul vous a demand\u00e9 en ami.",
        "lien": "/compte/demande_ami/page",
        "auteur": 9,
        "recepteur": 6,
        "date": "2017-07-15T23:47:26.871Z",
        "active": true,
        "vue": true
    }
},
{
    "model": "CC.notification",
    "pk": 38,
    "fields": {
        "type": "DA",
        "message": "Max a accept\u00e9 votre demande d'amiti\u00e9.",
        "lien": "/compte/profil_public/?profil=6",
        "auteur": 6,
        "recepteur": 9,
        "date": "2017-07-15T23:47:26.871Z",
        "active": true,
        "vue": true
    }
},
{
    "model": "CC.notification",
    "pk": 39,
    "fields": {
        "type": "D",
        "message": "Vous avez \u00e9t\u00e9 d\u00e9fi\u00e9 par max : Faire 10 pompes...",
        "lien": "/arene/defi/?id_defi=4",
        "auteur": 6,
        "recepteur": 9,
        "date": "2017-07-15T23:47:26.871Z",
        "active": true,
        "vue": true
    }
},
{
    "model": "CC.notification",
    "pk": 40,
    "fields": {
        "type": "D",
        "message": "Vous avez \u00e9t\u00e9 d\u00e9fi\u00e9 par max : Faire 10 pancake en fo...",
        "lien": "/arene/defi/?id_defi=5",
        "auteur": 6,
        "recepteur": 9,
        "date": "2017-07-15T23:54:45.839Z",
        "active": true,
        "vue": true
    }
},
{
    "model": "CC.notification",
    "pk": 41,
    "fields": {
        "type": "D",
        "message": "Vous avez \u00e9t\u00e9 d\u00e9fi\u00e9 par paul : Faire 10 pancake en fo...",
        "lien": "/arene/defi/?id_defi=6",
        "auteur": 9,
        "recepteur": 6,
        "date": "2017-07-15T23:59:00.550Z",
        "active": true,
        "vue": true
    }
},
{
    "model": "CC.notification",
    "pk": 42,
    "fields": {
        "type": "D",
        "message": "Vous avez \u00e9t\u00e9 d\u00e9fi\u00e9 par paul : Faire 10 pompes...",
        "lien": "/arene/defi/?id_defi=7",
        "auteur": 9,
        "recepteur": 6,
        "date": "2017-07-16T00:00:46.229Z",
        "active": true,
        "vue": true
    }
},
{
    "model": "CC.notification",
    "pk": 43,
    "fields": {
        "type": "D",
        "message": "Vous avez \u00e9t\u00e9 d\u00e9fi\u00e9 par paul : Faire 10 pancake en fo...",
        "lien": "/arene/defi/?id_defi=8",
        "auteur": 9,
        "recepteur": 6,
        "date": "2017-07-16T00:04:00.743Z",
        "active": true,
        "vue": true
    }
},
{
    "model": "CC.notification",
    "pk": 44,
    "fields": {
        "type": "D",
        "message": "Vous avez \u00e9t\u00e9 d\u00e9fi\u00e9 par paul : Faire 10 pancake en fo...",
        "lien": "/arene/defi/?id_defi=9",
        "auteur": 9,
        "recepteur": 6,
        "date": "2017-07-16T00:07:08.426Z",
        "active": true,
        "vue": true
    }
},
{
    "model": "CC.notification",
    "pk": 45,
    "fields": {
        "type": "D",
        "message": "Vous avez \u00e9t\u00e9 d\u00e9fi\u00e9 par paul : Faire 10 pompes...",
        "lien": "/arene/defi/?id_defi=10",
        "auteur": 9,
        "recepteur": 6,
        "date": "2017-07-16T00:28:03.093Z",
        "active": true,
        "vue": true
    }
},
{
    "model": "CC.notification",
    "pk": 46,
    "fields": {
        "type": "D",
        "message": "Vous avez \u00e9t\u00e9 d\u00e9fi\u00e9 par paul : Faire 10 pompes...",
        "lien": "/arene/defi/?id_defi=11",
        "auteur": 9,
        "recepteur": 6,
        "date": "2017-07-16T00:30:15.853Z",
        "active": true,
        "vue": true
    }
},
{
    "model": "CC.notification",
    "pk": 47,
    "fields": {
        "type": "D",
        "message": "max a d\u00e9clin\u00e9 votre d\u00e9fi : Faire 10 pompes...",
        "lien": "",
        "auteur": 6,
        "recepteur": 6,
        "date": "2017-07-16T00:33:25.458Z",
        "active": true,
        "vue": true
    }
},
{
    "model": "CC.notification",
    "pk": 48,
    "fields": {
        "type": "D",
        "message": "Vous avez \u00e9t\u00e9 d\u00e9fi\u00e9 par paul : Faire 10 pancake en fo...",
        "lien": "/arene/defi/?id_defi=12",
        "auteur": 9,
        "recepteur": 6,
        "date": "2017-07-16T00:33:42.091Z",
        "active": true,
        "vue": true
    }
},
{
    "model": "CC.notification",
    "pk": 49,
    "fields": {
        "type": "D",
        "message": "max a accept\u00e9 votre d\u00e9fi : Faire 10 pancake en fo...",
        "lien": "/arene/defi/?id_defi=12",
        "auteur": 6,
        "recepteur": 9,
        "date": "2017-07-16T00:35:02.205Z",
        "active": true,
        "vue": true
    }
},
{
    "model": "CC.notification",
    "pk": 50,
    "fields": {
        "type": "D",
        "message": "max a r\u00e9alis\u00e9 votre d\u00e9fi, venez le valider",
        "lien": "/arene/defi/?id_defi=12",
        "auteur": 6,
        "recepteur": 9,
        "date": "2017-07-16T00:35:30.463Z",
        "active": true,
        "vue": true
    }
},
{
    "model": "CC.notification",
    "pk": 51,
    "fields": {
        "type": "D",
        "message": "paul a valid\u00e9 votre d\u00e9fi",
        "lien": "/arene/defi/?id_defi=12",
        "auteur": 9,
        "recepteur": 6,
        "date": "2017-07-16T00:36:22.394Z",
        "active": true,
        "vue": true
    }
},
{
    "model": "CC.notification",
    "pk": 52,
    "fields": {
        "type": "D",
        "message": "Vous avez \u00e9t\u00e9 d\u00e9fi\u00e9 par max : Faire 10 pancake en fo...",
        "lien": "/arene/defi/?id_defi=13",
        "auteur": 6,
        "recepteur": 9,
        "date": "2017-07-16T00:42:07.885Z",
        "active": true,
        "vue": true
    }
},
{
    "model": "CC.notification",
    "pk": 53,
    "fields": {
        "type": "D",
        "message": "paul a accept\u00e9 votre d\u00e9fi : Faire 10 pancake en fo...",
        "lien": "/arene/defi/?id_defi=13",
        "auteur": 9,
        "recepteur": 6,
        "date": "2017-07-16T00:42:31.037Z",
        "active": true,
        "vue": true
    }
},
{
    "model": "CC.notification",
    "pk": 54,
    "fields": {
        "type": "D",
        "message": "paul a r\u00e9alis\u00e9 votre d\u00e9fi, venez le valider",
        "lien": "/arene/defi/?id_defi=13",
        "auteur": 9,
        "recepteur": 6,
        "date": "2017-07-16T00:42:41.145Z",
        "active": true,
        "vue": true
    }
},
{
    "model": "CC.notification",
    "pk": 55,
    "fields": {
        "type": "D",
        "message": "max a valid\u00e9 votre d\u00e9fi",
        "lien": "/arene/defi/?id_defi=13",
        "auteur": 6,
        "recepteur": 9,
        "date": "2017-07-16T00:43:26.837Z",
        "active": true,
        "vue": true
    }
},
{
    "model": "CC.notification",
    "pk": 56,
    "fields": {
        "type": "D",
        "message": "Vous avez \u00e9t\u00e9 d\u00e9fi\u00e9 par paul : Faire 10 pompes...",
        "lien": "/arene/defi/?id_defi=14",
        "auteur": 9,
        "recepteur": 6,
        "date": "2017-07-17T12:24:01.598Z",
        "active": true,
        "vue": true
    }
},
{
    "model": "CC.notification",
    "pk": 57,
    "fields": {
        "type": "D",
        "message": "max a accept\u00e9 votre d\u00e9fi : Faire 10 pompes...",
        "lien": "/arene/defi/?id_defi=14",
        "auteur": 6,
        "recepteur": 9,
        "date": "2017-07-17T12:29:41.540Z",
        "active": true,
        "vue": true
    }
},
{
    "model": "CC.notification",
    "pk": 58,
    "fields": {
        "type": "D",
        "message": "max a r\u00e9alis\u00e9 votre d\u00e9fi, venez le valider",
        "lien": "/arene/defi/?id_defi=14",
        "auteur": 6,
        "recepteur": 9,
        "date": "2017-07-17T12:29:50.770Z",
        "active": true,
        "vue": true
    }
},
{
    "model": "CC.notification",
    "pk": 59,
    "fields": {
        "type": "D",
        "message": "paul a valid\u00e9 votre d\u00e9fi",
        "lien": "/arene/defi/?id_defi=14",
        "auteur": 9,
        "recepteur": 6,
        "date": "2017-07-17T12:30:07.857Z",
        "active": true,
        "vue": true
    }
},
{
    "model": "CC.notification",
    "pk": 60,
    "fields": {
        "type": "D",
        "message": "Vous avez \u00e9t\u00e9 d\u00e9fi\u00e9 par max : Dessiner un logo...",
        "lien": "/arene/defi/?id_defi=15",
        "auteur": 6,
        "recepteur": 9,
        "date": "2017-07-17T17:02:06.514Z",
        "active": true,
        "vue": true
    }
},
{
    "model": "CC.notification",
    "pk": 61,
    "fields": {
        "type": "D",
        "message": "paul a accept\u00e9 votre d\u00e9fi : Dessiner un logo...",
        "lien": "/arene/defi/?id_defi=15",
        "auteur": 9,
        "recepteur": 6,
        "date": "2017-07-17T17:05:52.168Z",
        "active": true,
        "vue": true
    }
},
{
    "model": "CC.notification",
    "pk": 62,
    "fields": {
        "type": "D",
        "message": "paul a r\u00e9alis\u00e9 votre d\u00e9fi, venez le valider",
        "lien": "/arene/defi/?id_defi=15",
        "auteur": 9,
        "recepteur": 6,
        "date": "2017-07-17T17:05:59.647Z",
        "active": true,
        "vue": true
    }
},
{
    "model": "CC.notification",
    "pk": 63,
    "fields": {
        "type": "D",
        "message": "max a valid\u00e9 votre d\u00e9fi",
        "lien": "/arene/defi/?id_defi=15",
        "auteur": 6,
        "recepteur": 9,
        "date": "2017-07-17T17:06:20.149Z",
        "active": true,
        "vue": true
    }
},
{
    "model": "CC.notification",
    "pk": 64,
    "fields": {
        "type": "D",
        "message": "Vous avez \u00e9t\u00e9 d\u00e9fi\u00e9 par max : Faire 10 pompes...",
        "lien": "/arene/defi/?id_defi=16",
        "auteur": 6,
        "recepteur": 9,
        "date": "2017-07-17T16:44:25.822Z",
        "active": true,
        "vue": true
    }
},
{
    "model": "CC.notification",
    "pk": 65,
    "fields": {
        "type": "D",
        "message": "paul a accept\u00e9 votre d\u00e9fi : Faire 10 pompes...",
        "lien": "/arene/defi/?id_defi=16",
        "auteur": 9,
        "recepteur": 6,
        "date": "2017-07-17T16:46:43.104Z",
        "active": true,
        "vue": true
    }
},
{
    "model": "CC.notification",
    "pk": 66,
    "fields": {
        "type": "D",
        "message": "paul a r\u00e9alis\u00e9 votre d\u00e9fi, venez le valider",
        "lien": "/arene/defi/?id_defi=16",
        "auteur": 9,
        "recepteur": 6,
        "date": "2017-07-17T16:46:50.491Z",
        "active": true,
        "vue": true
    }
},
{
    "model": "CC.notification",
    "pk": 67,
    "fields": {
        "type": "D",
        "message": "max a valid\u00e9 votre d\u00e9fi",
        "lien": "/arene/defi/?id_defi=16",
        "auteur": 6,
        "recepteur": 9,
        "date": "2017-07-17T16:50:18.339Z",
        "active": true,
        "vue": true
    }
},
{
    "model": "CC.notification",
    "pk": 68,
    "fields": {
        "type": "D",
        "message": "Vous avez \u00e9t\u00e9 d\u00e9fi\u00e9 par max : Faire 10 pancake en fo...",
        "lien": "/arene/defi/?id_defi=17",
        "auteur": 6,
        "recepteur": 9,
        "date": "2017-07-20T19:16:38.327Z",
        "active": true,
        "vue": true
    }
},
{
    "model": "CC.notification",
    "pk": 69,
    "fields": {
        "type": "D",
        "message": "paul a accept\u00e9 votre d\u00e9fi : Faire 10 pancake en fo...",
        "lien": "/arene/defi/?id_defi=17",
        "auteur": 9,
        "recepteur": 6,
        "date": "2017-07-20T19:17:49.506Z",
        "active": true,
        "vue": true
    }
},
{
    "model": "CC.notification",
    "pk": 70,
    "fields": {
        "type": "D",
        "message": "paul a r\u00e9alis\u00e9 votre d\u00e9fi, venez le valider",
        "lien": "/arene/defi/?id_defi=17",
        "auteur": 9,
        "recepteur": 6,
        "date": "2017-07-20T19:17:55.149Z",
        "active": true,
        "vue": true
    }
},
{
    "model": "CC.notification",
    "pk": 71,
    "fields": {
        "type": "D",
        "message": "max a valid\u00e9 votre d\u00e9fi",
        "lien": "/arene/defi/?id_defi=17",
        "auteur": 6,
        "recepteur": 9,
        "date": "2017-07-20T19:18:48.803Z",
        "active": true,
        "vue": true
    }
},
{
    "model": "CC.notification",
    "pk": 72,
    "fields": {
        "type": "D",
        "message": "max a valid\u00e9 votre d\u00e9fi",
        "lien": "/arene/defi/?id_defi=17",
        "auteur": 6,
        "recepteur": 9,
        "date": "2017-07-20T19:19:16.947Z",
        "active": true,
        "vue": true
    }
},
{
    "model": "CC.notification",
    "pk": 73,
    "fields": {
        "type": "D",
        "message": "max a valid\u00e9 votre d\u00e9fi",
        "lien": "/arene/defi/?id_defi=17",
        "auteur": 6,
        "recepteur": 9,
        "date": "2017-07-20T19:19:59.847Z",
        "active": true,
        "vue": true
    }
},
{
    "model": "CC.notification",
    "pk": 74,
    "fields": {
        "type": "D",
        "message": "Vous avez \u00e9t\u00e9 d\u00e9fi\u00e9 par max : Faire 10 pancake en fo...",
        "lien": "/arene/defi/?id_defi=18",
        "auteur": 6,
        "recepteur": 9,
        "date": "2017-07-20T19:27:02.960Z",
        "active": true,
        "vue": true
    }
},
{
    "model": "CC.notification",
    "pk": 75,
    "fields": {
        "type": "D",
        "message": "paul a accept\u00e9 votre d\u00e9fi : Faire 10 pancake en fo...",
        "lien": "/arene/defi/?id_defi=18",
        "auteur": 9,
        "recepteur": 6,
        "date": "2017-07-20T19:29:49.934Z",
        "active": true,
        "vue": true
    }
},
{
    "model": "CC.notification",
    "pk": 76,
    "fields": {
        "type": "D",
        "message": "paul a r\u00e9alis\u00e9 votre d\u00e9fi, venez le valider",
        "lien": "/arene/defi/?id_defi=18",
        "auteur": 9,
        "recepteur": 6,
        "date": "2017-07-20T19:29:55.287Z",
        "active": true,
        "vue": true
    }
},
{
    "model": "CC.notification",
    "pk": 77,
    "fields": {
        "type": "D",
        "message": "max a valid\u00e9 votre d\u00e9fi",
        "lien": "/arene/defi/?id_defi=18",
        "auteur": 6,
        "recepteur": 9,
        "date": "2017-07-20T19:30:34.294Z",
        "active": true,
        "vue": true
    }
},
{
    "model": "CC.notification",
    "pk": 78,
    "fields": {
        "type": "D",
        "message": "max a valid\u00e9 votre d\u00e9fi",
        "lien": "/arene/defi/?id_defi=18",
        "auteur": 6,
        "recepteur": 9,
        "date": "2017-07-20T19:32:15.512Z",
        "active": true,
        "vue": true
    }
},
{
    "model": "CC.notification",
    "pk": 79,
    "fields": {
        "type": "D",
        "message": "Vous avez \u00e9t\u00e9 d\u00e9fi\u00e9 par max : Faire 10 pancake en fo...",
        "lien": "/arene/defi/?id_defi=19",
        "auteur": 6,
        "recepteur": 9,
        "date": "2017-07-20T19:36:17.677Z",
        "active": true,
        "vue": true
    }
},
{
    "model": "CC.notification",
    "pk": 80,
    "fields": {
        "type": "D",
        "message": "paul a accept\u00e9 votre d\u00e9fi : Faire 10 pancake en fo...",
        "lien": "/arene/defi/?id_defi=19",
        "auteur": 9,
        "recepteur": 6,
        "date": "2017-07-20T19:37:11.573Z",
        "active": true,
        "vue": true
    }
},
{
    "model": "CC.notification",
    "pk": 81,
    "fields": {
        "type": "D",
        "message": "paul a r\u00e9alis\u00e9 votre d\u00e9fi, venez le valider",
        "lien": "/arene/defi/?id_defi=19",
        "auteur": 9,
        "recepteur": 6,
        "date": "2017-07-20T19:37:17.248Z",
        "active": true,
        "vue": true
    }
},
{
    "model": "CC.notification",
    "pk": 82,
    "fields": {
        "type": "D",
        "message": "paul a r\u00e9alis\u00e9 votre d\u00e9fi, venez le valider",
        "lien": "/arene/defi/?id_defi=19",
        "auteur": 9,
        "recepteur": 6,
        "date": "2017-07-20T19:37:17.898Z",
        "active": true,
        "vue": true
    }
},
{
    "model": "CC.notification",
    "pk": 83,
    "fields": {
        "type": "D",
        "message": "max a valid\u00e9 votre d\u00e9fi",
        "lien": "/arene/defi/?id_defi=19",
        "auteur": 6,
        "recepteur": 9,
        "date": "2017-07-20T19:37:52.813Z",
        "active": true,
        "vue": true
    }
},
{
    "model": "CC.notification",
    "pk": 84,
    "fields": {
        "type": "D",
        "message": "max a valid\u00e9 votre d\u00e9fi",
        "lien": "/arene/defi/?id_defi=19",
        "auteur": 6,
        "recepteur": 9,
        "date": "2017-07-20T19:38:35.608Z",
        "active": true,
        "vue": true
    }
},
{
    "model": "CC.notification",
    "pk": 85,
    "fields": {
        "type": "Q",
        "message": "Vous avez r\u00e9ussi votre qu\u00eate!",
        "lien": "/quete/ma_quete",
        "auteur": 5,
        "recepteur": 9,
        "date": "2017-07-20T19:38:35.662Z",
        "active": true,
        "vue": true
    }
},
{
    "model": "CC.notification",
    "pk": 86,
    "fields": {
        "type": "D",
        "message": "Vous avez \u00e9t\u00e9 d\u00e9fi\u00e9 par max : Faire 10 pompes...",
        "lien": "/arene/defi/?id_defi=20",
        "auteur": 6,
        "recepteur": 9,
        "date": "2017-07-20T19:47:18.474Z",
        "active": true,
        "vue": true
    }
},
{
    "model": "CC.notification",
    "pk": 87,
    "fields": {
        "type": "D",
        "message": "Vous avez \u00e9t\u00e9 d\u00e9fi\u00e9 par max : Faire 10 pancake en fo...",
        "lien": "/arene/defi/?id_defi=21",
        "auteur": 6,
        "recepteur": 9,
        "date": "2017-07-20T19:47:18.474Z",
        "active": true,
        "vue": true
    }
},
{
    "model": "CC.notification",
    "pk": 88,
    "fields": {
        "type": "D",
        "message": "paul a accept\u00e9 votre d\u00e9fi : Faire 10 pancake en fo...",
        "lien": "/arene/defi/?id_defi=21",
        "auteur": 9,
        "recepteur": 6,
        "date": "2017-07-20T19:49:51.962Z",
        "active": true,
        "vue": true
    }
},
{
    "model": "CC.notification",
    "pk": 89,
    "fields": {
        "type": "D",
        "message": "paul a r\u00e9alis\u00e9 votre d\u00e9fi, venez le valider",
        "lien": "/arene/defi/?id_defi=21",
        "auteur": 9,
        "recepteur": 6,
        "date": "2017-07-20T19:49:57.743Z",
        "active": true,
        "vue": true
    }
},
{
    "model": "CC.notification",
    "pk": 90,
    "fields": {
        "type": "D",
        "message": "paul a accept\u00e9 votre d\u00e9fi : Faire 10 pompes...",
        "lien": "/arene/defi/?id_defi=20",
        "auteur": 9,
        "recepteur": 6,
        "date": "2017-07-20T19:50:04.133Z",
        "active": true,
        "vue": true
    }
},
{
    "model": "CC.notification",
    "pk": 91,
    "fields": {
        "type": "D",
        "message": "paul a r\u00e9alis\u00e9 votre d\u00e9fi, venez le valider",
        "lien": "/arene/defi/?id_defi=20",
        "auteur": 9,
        "recepteur": 6,
        "date": "2017-07-20T19:50:14.141Z",
        "active": true,
        "vue": true
    }
},
{
    "model": "CC.notification",
    "pk": 92,
    "fields": {
        "type": "D",
        "message": "max a valid\u00e9 votre d\u00e9fi",
        "lien": "/arene/defi/?id_defi=20",
        "auteur": 6,
        "recepteur": 9,
        "date": "2017-07-20T19:50:40.099Z",
        "active": true,
        "vue": true
    }
},
{
    "model": "CC.notification",
    "pk": 93,
    "fields": {
        "type": "D",
        "message": "max a valid\u00e9 votre d\u00e9fi",
        "lien": "/arene/defi/?id_defi=21",
        "auteur": 6,
        "recepteur": 9,
        "date": "2017-07-20T19:50:44.247Z",
        "active": true,
        "vue": true
    }
},
{
    "model": "CC.notification",
    "pk": 94,
    "fields": {
        "type": "D",
        "message": "Vous avez \u00e9t\u00e9 d\u00e9fi\u00e9 par max : Faire 10 pompes...",
        "lien": "/arene/defi/?id_defi=22",
        "auteur": 6,
        "recepteur": 9,
        "date": "2017-07-20T19:47:18.474Z",
        "active": true,
        "vue": true
    }
},
{
    "model": "CC.notification",
    "pk": 95,
    "fields": {
        "type": "D",
        "message": "Vous avez \u00e9t\u00e9 d\u00e9fi\u00e9 par max : Faire 10 pancake en fo...",
        "lien": "/arene/defi/?id_defi=23",
        "auteur": 6,
        "recepteur": 9,
        "date": "2017-07-20T19:47:18.474Z",
        "active": true,
        "vue": true
    }
},
{
    "model": "CC.notification",
    "pk": 96,
    "fields": {
        "type": "D",
        "message": "paul a accept\u00e9 votre d\u00e9fi : Faire 10 pancake en fo...",
        "lien": "/arene/defi/?id_defi=23",
        "auteur": 9,
        "recepteur": 6,
        "date": "2017-07-20T19:54:12.655Z",
        "active": true,
        "vue": true
    }
},
{
    "model": "CC.notification",
    "pk": 97,
    "fields": {
        "type": "D",
        "message": "paul a r\u00e9alis\u00e9 votre d\u00e9fi, venez le valider",
        "lien": "/arene/defi/?id_defi=23",
        "auteur": 9,
        "recepteur": 6,
        "date": "2017-07-20T19:54:25.559Z",
        "active": true,
        "vue": true
    }
},
{
    "model": "CC.notification",
    "pk": 98,
    "fields": {
        "type": "D",
        "message": "paul a accept\u00e9 votre d\u00e9fi : Faire 10 pompes...",
        "lien": "/arene/defi/?id_defi=22",
        "auteur": 9,
        "recepteur": 6,
        "date": "2017-07-20T19:54:54.609Z",
        "active": true,
        "vue": true
    }
},
{
    "model": "CC.notification",
    "pk": 99,
    "fields": {
        "type": "D",
        "message": "paul a r\u00e9alis\u00e9 votre d\u00e9fi, venez le valider",
        "lien": "/arene/defi/?id_defi=22",
        "auteur": 9,
        "recepteur": 6,
        "date": "2017-07-20T19:55:12.318Z",
        "active": true,
        "vue": true
    }
},
{
    "model": "CC.notification",
    "pk": 100,
    "fields": {
        "type": "D",
        "message": "max a valid\u00e9 votre d\u00e9fi",
        "lien": "/arene/defi/?id_defi=22",
        "auteur": 6,
        "recepteur": 9,
        "date": "2017-07-20T19:55:32.947Z",
        "active": true,
        "vue": true
    }
},
{
    "model": "CC.notification",
    "pk": 101,
    "fields": {
        "type": "D",
        "message": "max a valid\u00e9 votre d\u00e9fi",
        "lien": "/arene/defi/?id_defi=23",
        "auteur": 6,
        "recepteur": 9,
        "date": "2017-07-20T19:55:42.413Z",
        "active": true,
        "vue": true
    }
},
{
    "model": "CC.notification",
    "pk": 102,
    "fields": {
        "type": "Q",
        "message": "Vous avez r\u00e9ussi votre qu\u00eate!",
        "lien": "/quete/ma_quete_archive/?id_quete={{quete.id}}",
        "auteur": 5,
        "recepteur": 9,
        "date": "2017-07-20T19:55:42.515Z",
        "active": true,
        "vue": true
    }
},
{
    "model": "CC.notification",
    "pk": 103,
    "fields": {
        "type": "D",
        "message": "Vous avez \u00e9t\u00e9 d\u00e9fi\u00e9 par max : Dessiner un logo...",
        "lien": "/arene/defi/?id_defi=24",
        "auteur": 6,
        "recepteur": 9,
        "date": "2017-07-24T16:03:33.751Z",
        "active": true,
        "vue": true
    }
},
{
    "model": "CC.notification",
    "pk": 104,
    "fields": {
        "type": "D",
        "message": "Vous avez \u00e9t\u00e9 d\u00e9fi\u00e9 par max : Faire 10 pompes...",
        "lien": "/arene/defi/?id_defi=25",
        "auteur": 6,
        "recepteur": 9,
        "date": "2017-07-30T14:26:38.641Z",
        "active": true,
        "vue": true
    }
},
{
    "model": "CC.notification",
    "pk": 105,
    "fields": {
        "type": "D",
        "message": "Vous avez \u00e9t\u00e9 d\u00e9fi\u00e9 par max : Faire 10 pompes...",
        "lien": "/arene/defi/?id_defi=26",
        "auteur": 6,
        "recepteur": 7,
        "date": "2017-07-30T14:26:38.641Z",
        "active": true,
        "vue": true
    }
},
{
    "model": "CC.notification",
    "pk": 106,
    "fields": {
        "type": "D",
        "message": "Vous avez \u00e9t\u00e9 d\u00e9fi\u00e9 par max : Faire 10 pompes...",
        "lien": "/arene/defi/?id_defi=27",
        "auteur": 6,
        "recepteur": 9,
        "date": "2017-08-07T16:23:49.822Z",
        "active": true,
        "vue": true
    }
},
{
    "model": "CC.notification",
    "pk": 107,
    "fields": {
        "type": "D",
        "message": "paul a accept\u00e9 votre d\u00e9fi : Faire 10 pompes...",
        "lien": "/arene/defi/?id_defi=27",
        "auteur": 9,
        "recepteur": 6,
        "date": "2017-08-07T16:57:12.605Z",
        "active": true,
        "vue": true
    }
},
{
    "model": "CC.notification",
    "pk": 108,
    "fields": {
        "type": "D",
        "message": "paul a r\u00e9alis\u00e9 votre d\u00e9fi, venez le valider",
        "lien": "/arene/defi/?id_defi=27",
        "auteur": 9,
        "recepteur": 6,
        "date": "2017-08-07T16:57:26.052Z",
        "active": true,
        "vue": true
    }
},
{
    "model": "CC.notification",
    "pk": 109,
    "fields": {
        "type": "D",
        "message": "max a valid\u00e9 votre d\u00e9fi",
        "lien": "/arene/defi/?id_defi=27",
        "auteur": 6,
        "recepteur": 9,
        "date": "2017-08-07T16:58:01.098Z",
        "active": true,
        "vue": false
    }
},
{
    "model": "CC.notification",
    "pk": 110,
    "fields": {
        "type": "D",
        "message": "Vous avez \u00e9t\u00e9 d\u00e9fi\u00e9 par luc : Dessiner un logo...",
        "lien": "/arene/defi/?id_defi=28",
        "auteur": 7,
        "recepteur": 6,
        "date": "2017-08-07T16:23:49.822Z",
        "active": true,
        "vue": true
    }
},
{
    "model": "CC.notification",
    "pk": 111,
    "fields": {
        "type": "D",
        "message": "max a accept\u00e9 votre d\u00e9fi : Dessiner un logo...",
        "lien": "/arene/defi/?id_defi=28",
        "auteur": 6,
        "recepteur": 7,
        "date": "2017-08-07T17:25:06.045Z",
        "active": true,
        "vue": true
    }
},
{
    "model": "CC.notification",
    "pk": 112,
    "fields": {
        "type": "D",
        "message": "max a r\u00e9alis\u00e9 votre d\u00e9fi, venez le valider",
        "lien": "/arene/defi/?id_defi=28",
        "auteur": 6,
        "recepteur": 7,
        "date": "2017-08-07T17:25:13.475Z",
        "active": true,
        "vue": true
    }
},
{
    "model": "CC.notification",
    "pk": 113,
    "fields": {
        "type": "D",
        "message": "luc a valid\u00e9 votre d\u00e9fi",
        "lien": "/arene/defi/?id_defi=28",
        "auteur": 7,
        "recepteur": 6,
        "date": "2017-08-07T17:25:30.920Z",
        "active": true,
        "vue": true
    }
},
{
    "model": "CC.notification",
    "pk": 114,
    "fields": {
        "type": "D",
        "message": "Vous avez \u00e9t\u00e9 d\u00e9fi\u00e9 par luc : Faire 10 pompes...",
        "lien": "/arene/defi/?id_defi=29",
        "auteur": 7,
        "recepteur": 6,
        "date": "2017-08-11T16:18:31.629Z",
        "active": true,
        "vue": true
    }
},
{
    "model": "CC.notification",
    "pk": 115,
    "fields": {
        "type": "D",
        "message": "Vous avez \u00e9t\u00e9 d\u00e9fi\u00e9 par max : Faire 10 pancake en fo...",
        "lien": "/arene/defi/?id_defi=30",
        "auteur": 6,
        "recepteur": 7,
        "date": "2017-08-11T16:18:31.629Z",
        "active": true,
        "vue": true
    }
},
{
    "model": "CC.notification",
    "pk": 116,
    "fields": {
        "type": "D",
        "message": "luc a accept\u00e9 votre d\u00e9fi : Faire 10 pancake en fo...",
        "lien": "/arene/defi/?id_defi=30",
        "auteur": 7,
        "recepteur": 6,
        "date": "2017-08-11T17:08:54.817Z",
        "active": true,
        "vue": true
    }
},
{
    "model": "CC.notification",
    "pk": 117,
    "fields": {
        "type": "D",
        "message": "max a accept\u00e9 votre d\u00e9fi : Faire 10 pompes...",
        "lien": "/arene/defi/?id_defi=29",
        "auteur": 6,
        "recepteur": 7,
        "date": "2017-08-11T17:09:53.227Z",
        "active": true,
        "vue": true
    }
},
{
    "model": "CC.notification",
    "pk": 118,
    "fields": {
        "type": "D",
        "message": "luc a r\u00e9alis\u00e9 votre d\u00e9fi, venez le valider",
        "lien": "/arene/defi/?id_defi=30",
        "auteur": 7,
        "recepteur": 6,
        "date": "2017-08-11T17:11:45.918Z",
        "active": true,
        "vue": true
    }
},
{
    "model": "CC.notification",
    "pk": 119,
    "fields": {
        "type": "D",
        "message": "max a valid\u00e9 votre d\u00e9fi",
        "lien": "/arene/defi/?id_defi=30",
        "auteur": 6,
        "recepteur": 7,
        "date": "2017-08-11T17:13:38.834Z",
        "active": true,
        "vue": true
    }
},
{
    "model": "CC.notification",
    "pk": 120,
    "fields": {
        "type": "D",
        "message": "Vous avez \u00e9t\u00e9 d\u00e9fi\u00e9 par luc : Dessiner un logo...",
        "lien": "/arene/defi/?id_defi=31",
        "auteur": 7,
        "recepteur": 6,
        "date": "2017-08-11T16:18:31Z",
        "active": true,
        "vue": true
    }
},
{
    "model": "CC.notification",
    "pk": 121,
    "fields": {
        "type": "D",
        "message": "Vous avez \u00e9t\u00e9 d\u00e9fi\u00e9 par luc : Faire 10 pancake en fo...",
        "lien": "/arene/defi/?id_defi=32",
        "auteur": 7,
        "recepteur": 6,
        "date": "2017-08-25T15:44:08.352Z",
        "active": true,
        "vue": true
    }
},
{
    "model": "CC.notification",
    "pk": 122,
    "fields": {
        "type": "D",
        "message": "max a accept\u00e9 votre d\u00e9fi : Faire 10 pancake en fo...",
        "lien": "/arene/defi/?id_defi=32",
        "auteur": 6,
        "recepteur": 7,
        "date": "2017-08-25T15:52:59.600Z",
        "active": true,
        "vue": true
    }
},
{
    "model": "CC.notification",
    "pk": 123,
    "fields": {
        "type": "D",
        "message": "max a r\u00e9alis\u00e9 votre d\u00e9fi, venez le valider",
        "lien": "/arene/defi/?id_defi=32",
        "auteur": 6,
        "recepteur": 7,
        "date": "2017-08-25T15:53:07.319Z",
        "active": true,
        "vue": true
    }
},
{
    "model": "CC.notification",
    "pk": 124,
    "fields": {
        "type": "D",
        "message": "luc a valid\u00e9 votre d\u00e9fi",
        "lien": "/arene/defi/?id_defi=32",
        "auteur": 7,
        "recepteur": 6,
        "date": "2017-08-25T15:53:23.730Z",
        "active": true,
        "vue": true
    }
},
{
    "model": "CC.notification",
    "pk": 125,
    "fields": {
        "type": "D",
        "message": "Vous avez \u00e9t\u00e9 d\u00e9fi\u00e9 par luc : Dessiner un logo...",
        "lien": "/arene/defi/?id_defi=33",
        "auteur": 7,
        "recepteur": 6,
        "date": "2017-08-25T15:44:08Z",
        "active": false,
        "vue": true
    }
},
{
    "model": "CC.notification",
    "pk": 126,
    "fields": {
        "type": "D",
        "message": "Vous avez \u00e9t\u00e9 d\u00e9fi\u00e9 par max : Faire 10 pompes...",
        "lien": "/arene/defi/?id_defi=34",
        "auteur": 6,
        "recepteur": 7,
        "date": "2017-08-25T15:44:08.352Z",
        "active": true,
        "vue": true
    }
},
{
    "model": "CC.notification",
    "pk": 127,
    "fields": {
        "type": "D",
        "message": "max a accept\u00e9 votre d\u00e9fi : Dessiner un logo...",
        "lien": "/arene/defi/?id_defi=33",
        "auteur": 6,
        "recepteur": 7,
        "date": "2017-08-25T16:32:25.632Z",
        "active": true,
        "vue": true
    }
},
{
    "model": "CC.demandeami",
    "pk": 2,
    "fields": {
        "auteur": 9,
        "recepteur": 6,
        "active": false
    }
},
{
    "model": "CC.proposition_defi",
    "pk": 1,
    "fields": {
        "nom": "test",
        "description": "tets",
        "auteur": 6,
        "etat": "E"
    }
},
{
    "model": "CC.proposition_defi",
    "pk": 2,
    "fields": {
        "nom": "test2",
        "description": "test2",
        "auteur": 6,
        "etat": "E"
    }
},
{
    "model": "CC.proposition_defi",
    "pk": 3,
    "fields": {
        "nom": "test3",
        "description": "test3",
        "auteur": 6,
        "etat": "E"
    }
},
{
    "model": "CC.proposition_defi",
    "pk": 4,
    "fields": {
        "nom": "test4",
        "description": "test4$",
        "auteur": 6,
        "etat": "E"
    }
},
{
    "model": "CC.proposition_defi",
    "pk": 5,
    "fields": {
        "nom": "test6",
        "description": "test6",
        "auteur": 6,
        "etat": "E"
    }
},
{
    "model": "CC.proposition_defi",
    "pk": 6,
    "fields": {
        "nom": "test7",
        "description": "test7",
        "auteur": 6,
        "etat": "E"
    }
},
{
    "model": "CC.preuve",
    "pk": 1,
    "fields": {
        "nom": "moi",
        "fichier": "defi/preuve/test_y5Trsjc.jpg"
    }
},
{
    "model": "CC.preuve",
    "pk": 2,
    "fields": {
        "nom": "DEFI2USER3",
        "fichier": "defi/preuve/20170625_224309.jpg"
    }
},
{
    "model": "CC.preuve",
    "pk": 3,
    "fields": {
        "nom": "DEFI12USER6",
        "fichier": "defi/preuve/10979226_10205967425174828_430445086_n_SnMpD5S.jpg"
    }
},
{
    "model": "CC.preuve",
    "pk": 4,
    "fields": {
        "nom": "DEFI12USER6",
        "fichier": "defi/preuve/11026145_10207664671751690_7099491214369917730_n_4I7wsIF.jpg"
    }
},
{
    "model": "CC.preuve",
    "pk": 5,
    "fields": {
        "nom": "DEFI12USER6",
        "fichier": "defi/preuve/11754816_10204611486703689_2449277457264518896_o_zHIUTJl.jpg"
    }
},
{
    "model": "CC.preuve",
    "pk": 6,
    "fields": {
        "nom": "DEFI12USER6",
        "fichier": "defi/preuve/12032223_10205147787194516_8316126851851224716_n_XB5IcWX.jpg"
    }
},
{
    "model": "CC.preuve",
    "pk": 7,
    "fields": {
        "nom": "DEFI12USER6",
        "fichier": "defi/preuve/12395127_10153276001003202_1127352678_n_G1bYfMW.jpg"
    }
},
{
    "model": "CC.preuve",
    "pk": 8,
    "fields": {
        "nom": "DEFI12USER6",
        "fichier": "defi/preuve/12417654_10208404635496166_226682352706477540_n.jpg"
    }
},
{
    "model": "CC.preuve",
    "pk": 9,
    "fields": {
        "nom": "DEFI12USER6",
        "fichier": "defi/preuve/12431748_10207962800209386_1731599417_n_9GwhPAw.jpg"
    }
},
{
    "model": "CC.preuve",
    "pk": 10,
    "fields": {
        "nom": "DEFI12USER6",
        "fichier": "defi/preuve/12434306_10208322031870468_1184544968_n.jpg"
    }
},
{
    "model": "CC.preuve",
    "pk": 11,
    "fields": {
        "nom": "DEFI12USER6",
        "fichier": "defi/preuve/12511870_10208413115947513_1329070916_n.jpg"
    }
},
{
    "model": "CC.preuve",
    "pk": 12,
    "fields": {
        "nom": "DEFI12USER6",
        "fichier": "defi/preuve/12573812_10208742267779258_665364486628038999_n.jpg"
    }
},
{
    "model": "CC.preuve",
    "pk": 13,
    "fields": {
        "nom": "DEFI12USER6",
        "fichier": "defi/preuve/12575971_10207870590821223_1087438306_n_zcdAj5t.jpg"
    }
},
{
    "model": "CC.preuve",
    "pk": 14,
    "fields": {
        "nom": "DEFI12USER6",
        "fichier": "defi/preuve/12576125_10207867850192709_2145648830_n_IXRjVHQ.jpg"
    }
},
{
    "model": "CC.preuve",
    "pk": 15,
    "fields": {
        "nom": "DEFI13USER9",
        "fichier": "defi/preuve/1928546_10203172629898637_155684079_n_ar6jXxF.mp4"
    }
},
{
    "model": "CC.preuve",
    "pk": 16,
    "fields": {
        "nom": "DEFI13USER9",
        "fichier": "defi/preuve/10632657_10204769104292654_5425759670943735185_n_UfU992e.jpg"
    }
},
{
    "model": "CC.preuve",
    "pk": 17,
    "fields": {
        "nom": "DEFI14USER6",
        "fichier": "defi/preuve/12511870_10208413115947513_1329070916_n_dV1l9dZ.jpg"
    }
},
{
    "model": "CC.preuve",
    "pk": 18,
    "fields": {
        "nom": "DEFI15USER9",
        "fichier": "defi/preuve/10632657_10204769104292654_5425759670943735185_n_ViS0WlB.jpg"
    }
},
{
    "model": "CC.preuve",
    "pk": 19,
    "fields": {
        "nom": "DEFI16USER9",
        "fichier": "defi/preuve/1928546_10203172629898637_155684079_n_9nrQAx3.mp4"
    }
},
{
    "model": "CC.preuve",
    "pk": 20,
    "fields": {
        "nom": "DEFI17USER9",
        "fichier": "defi/preuve/texture-de-dessin-de-main-de-fusain-37964488.jpg"
    }
},
{
    "model": "CC.preuve",
    "pk": 21,
    "fields": {
        "nom": "DEFI18USER9",
        "fichier": "defi/preuve/texture-de-dessin-de-main-de-fusain-37964488_FlnjMOV.jpg"
    }
},
{
    "model": "CC.preuve",
    "pk": 22,
    "fields": {
        "nom": "DEFI19USER9",
        "fichier": "defi/preuve/texture-de-dessin-de-main-de-fusain-37964488_BhuQoqw.jpg"
    }
},
{
    "model": "CC.preuve",
    "pk": 23,
    "fields": {
        "nom": "DEFI19USER9",
        "fichier": "defi/preuve/texture-de-dessin-de-main-de-fusain-37964488_rSIdpsY.jpg"
    }
},
{
    "model": "CC.preuve",
    "pk": 24,
    "fields": {
        "nom": "DEFI21USER9",
        "fichier": "defi/preuve/texture-de-dessin-de-main-de-fusain-37964488_QbEVkDY.jpg"
    }
},
{
    "model": "CC.preuve",
    "pk": 25,
    "fields": {
        "nom": "DEFI20USER9",
        "fichier": "defi/preuve/texture-de-dessin-de-main-de-fusain-37964488_pMy1Tt7.jpg"
    }
},
{
    "model": "CC.preuve",
    "pk": 26,
    "fields": {
        "nom": "DEFI23USER9",
        "fichier": "defi/preuve/CDJAT_3WgAQ6rsn_KTa6eXi.jpg"
    }
},
{
    "model": "CC.preuve",
    "pk": 27,
    "fields": {
        "nom": "DEFI22USER9",
        "fichier": "defi/preuve/CDJAT_3WgAQ6rsn_UBbaFZH.jpg"
    }
},
{
    "model": "CC.preuve",
    "pk": 28,
    "fields": {
        "nom": "DEFI27USER9",
        "fichier": "defi/preuve/20170528_224319.jpg"
    }
},
{
    "model": "CC.preuve",
    "pk": 29,
    "fields": {
        "nom": "DEFI27USER9",
        "fichier": "defi/preuve/20170705_172902.jpg"
    }
},
{
    "model": "CC.preuve",
    "pk": 30,
    "fields": {
        "nom": "DEFI27USER9",
        "fichier": "defi/preuve/20170706_130029.jpg"
    }
},
{
    "model": "CC.preuve",
    "pk": 31,
    "fields": {
        "nom": "DEFI28USER6",
        "fichier": "defi/preuve/20170703_135307.jpg"
    }
},
{
    "model": "CC.preuve",
    "pk": 32,
    "fields": {
        "nom": "DEFI30USER7",
        "fichier": "defi/preuve/20170528_182205.jpg"
    }
},
{
    "model": "CC.preuve",
    "pk": 33,
    "fields": {
        "nom": "DEFI32USER6",
        "fichier": "defi/preuve/lion_5.PNG"
    }
},
{
    "model": "CC.contestation",
    "pk": 1,
    "fields": {
        "nom": "Rien",
        "contenu": "Sans Motif"
    }
},
{
    "model": "CC.contestation",
    "pk": 2,
    "fields": {
        "nom": "CONTESTATIONDEFI30USER6",
        "contenu": "c'est de la merde"
    }
},
{
    "model": "CC.recompense",
    "pk": 1,
    "fields": {
        "nom": "Niveau 1",
        "decoration": "<span class='ti-bolt'> </span>",
        "points": 5,
        "goodies": false,
        "goodies_description": "Sans Goodies"
    }
},
{
    "model": "CC.recompense",
    "pk": 2,
    "fields": {
        "nom": "Ma paire de nike",
        "decoration": "<span class='ti-bolt'> </span>",
        "points": 0,
        "goodies": true,
        "goodies_description": "Une jolie paire de chaussure Nike!"
    }
},
{
    "model": "CC.recompense",
    "pk": 3,
    "fields": {
        "nom": "Un cour de cuisine",
        "decoration": "<span class='ti-bolt'> </span>",
        "points": 0,
        "goodies": true,
        "goodies_description": "Un cour de cuisine"
    }
},
{
    "model": "CC.recompense",
    "pk": 4,
    "fields": {
        "nom": "Niveau 2",
        "decoration": "<span class='ti-bolt'></span>  <span class='ti-bolt'></span>",
        "points": 10,
        "goodies": false,
        "goodies_description": "Sans Goodies"
    }
},
{
    "model": "CC.theme",
    "pk": 1,
    "fields": {
        "nom": "Sport",
        "descritption": "Description",
        "couleur": "#2ecc71"
    }
},
{
    "model": "CC.theme",
    "pk": 2,
    "fields": {
        "nom": "Cuisine",
        "descritption": "Des d\u00e9fis sur la cuisine",
        "couleur": "#e67e22"
    }
},
{
    "model": "CC.theme",
    "pk": 3,
    "fields": {
        "nom": "Arts",
        "descritption": "Cat\u00e9gorie Arts",
        "couleur": "#9b59b6"
    }
},
{
    "model": "CC.sous_theme",
    "pk": 2,
    "fields": {
        "nom": "Musculation",
        "theme": 1
    }
},
{
    "model": "CC.sous_theme",
    "pk": 3,
    "fields": {
        "nom": "Patisserie",
        "theme": 2
    }
},
{
    "model": "CC.sous_theme",
    "pk": 4,
    "fields": {
        "nom": "Dessein",
        "theme": 3
    }
},
{
    "model": "CC.libelle_defi",
    "pk": 3,
    "fields": {
        "nom": "Faire 10 pompes",
        "description": "Faire 10 pompes d'affiler sans tricher biensur. Prenez-vous en vid\u00e9o en montrant votre badge!",
        "recompense": 1,
        "theme": 1,
        "sous_theme": 2,
        "auteur": 5
    }
},
{
    "model": "CC.libelle_defi",
    "pk": 4,
    "fields": {
        "nom": "Faire 10 pancake en forme de chien",
        "description": "Faites cuire 10 pancake en forme de ouaff ouafff en montrant votre badge (photos et vid\u00e9o accept\u00e9e)",
        "recompense": 1,
        "theme": 2,
        "sous_theme": 3,
        "auteur": 5
    }
},
{
    "model": "CC.libelle_defi",
    "pk": 5,
    "fields": {
        "nom": "Dessiner un logo",
        "description": "Dessiner un logo que vous voulez en n'oubliant pas de mettre votre badge CC en \u00e9vidence sur la photo de preuve!",
        "recompense": 4,
        "theme": 3,
        "sous_theme": 4,
        "auteur": 5
    }
},
{
    "model": "CC.libelle_quete",
    "pk": 3,
    "fields": {
        "theme": 1,
        "objectif": "Perdre 10 kg",
        "description": "Votre qu\u00eate vous m\u00e9nera vers un corps svelte et taill\u00e9!",
        "recompense": 2,
        "duree": 7,
        "auteur": 5,
        "defis": [
            3,
            4
        ]
    }
},
{
    "model": "CC.quete",
    "pk": 11,
    "fields": {
        "libelle": 3,
        "challengeur": 9,
        "prive": false,
        "active": false,
        "etat": "V",
        "date_debut": "2017-07-20T19:47:18.474Z",
        "date_fin": "2017-07-20T19:55:42.504Z",
        "expire": false
    }
},
{
    "model": "CC.quete",
    "pk": 12,
    "fields": {
        "libelle": 3,
        "challengeur": 6,
        "prive": false,
        "active": false,
        "etat": "D",
        "date_debut": "2017-07-24T16:03:33.751Z",
        "date_fin": "2017-07-31T16:08:15.492Z",
        "expire": false
    }
},
{
    "model": "CC.quete",
    "pk": 13,
    "fields": {
        "libelle": 3,
        "challengeur": 6,
        "prive": false,
        "active": true,
        "etat": "D",
        "date_debut": "2017-07-24T16:03:33.751Z",
        "date_fin": "2017-07-31T18:02:03.711Z",
        "expire": false
    }
},
{
    "model": "CC.defi",
    "pk": 22,
    "fields": {
        "libelle": 3,
        "enjeu_perso": "Sans Enjeu",
        "prive": false,
        "etat": "V",
        "date_envoie": "2017-07-20T19:53:43.739Z",
        "date_acceptation": "2017-07-20T19:54:54.587Z",
        "date_execution": "2017-07-20T19:55:12.245Z",
        "date_validation": "2017-07-20T19:55:32.922Z",
        "expire": false,
        "contestation": null,
        "defieur": 6,
        "challengeur": 9,
        "warning_triche": false,
        "warning_analyse": false,
        "preuve": [
            27
        ]
    }
},
{
    "model": "CC.defi",
    "pk": 23,
    "fields": {
        "libelle": 4,
        "enjeu_perso": "Sans Enjeu",
        "prive": false,
        "etat": "V",
        "date_envoie": "2017-07-20T19:53:55.339Z",
        "date_acceptation": "2017-07-20T19:54:12.632Z",
        "date_execution": "2017-07-20T19:54:25.457Z",
        "date_validation": "2017-07-20T19:55:42.397Z",
        "expire": false,
        "contestation": null,
        "defieur": 6,
        "challengeur": 9,
        "warning_triche": false,
        "warning_analyse": false,
        "preuve": [
            26
        ]
    }
},
{
    "model": "CC.defi",
    "pk": 24,
    "fields": {
        "libelle": 5,
        "enjeu_perso": "vkbil huuiphiuo jioop jiop joim",
        "prive": false,
        "etat": "EX",
        "date_envoie": "2017-07-24T16:07:02.337Z",
        "date_acceptation": null,
        "date_execution": null,
        "date_validation": null,
        "expire": true,
        "contestation": null,
        "defieur": 6,
        "challengeur": 9,
        "warning_triche": false,
        "warning_analyse": false,
        "preuve": []
    }
},
{
    "model": "CC.defi",
    "pk": 25,
    "fields": {
        "libelle": 3,
        "enjeu_perso": "",
        "prive": false,
        "etat": "EX",
        "date_envoie": "2017-07-30T14:32:28.919Z",
        "date_acceptation": null,
        "date_execution": null,
        "date_validation": null,
        "expire": true,
        "contestation": null,
        "defieur": 6,
        "challengeur": 9,
        "warning_triche": false,
        "warning_analyse": false,
        "preuve": []
    }
},
{
    "model": "CC.defi",
    "pk": 26,
    "fields": {
        "libelle": 3,
        "enjeu_perso": "",
        "prive": false,
        "etat": "EX",
        "date_envoie": "2017-07-30T14:33:58.437Z",
        "date_acceptation": null,
        "date_execution": null,
        "date_validation": null,
        "expire": true,
        "contestation": null,
        "defieur": 6,
        "challengeur": 7,
        "warning_triche": false,
        "warning_analyse": false,
        "preuve": []
    }
},
{
    "model": "CC.defi",
    "pk": 27,
    "fields": {
        "libelle": 3,
        "enjeu_perso": "",
        "prive": true,
        "etat": "V",
        "date_envoie": "2017-08-07T16:54:26.055Z",
        "date_acceptation": "2017-08-07T16:57:12.581Z",
        "date_execution": "2017-08-07T16:57:25.775Z",
        "date_validation": "2017-08-07T16:58:01.082Z",
        "expire": false,
        "contestation": null,
        "defieur": 6,
        "challengeur": 9,
        "warning_triche": false,
        "warning_analyse": false,
        "preuve": [
            28,
            29,
            30
        ]
    }
},
{
    "model": "CC.defi",
    "pk": 31,
    "fields": {
        "libelle": 5,
        "enjeu_perso": "",
        "prive": false,
        "etat": "EX",
        "date_envoie": "2017-08-11T18:01:45.364Z",
        "date_acceptation": null,
        "date_execution": null,
        "date_validation": null,
        "expire": true,
        "contestation": null,
        "defieur": 7,
        "challengeur": 6,
        "warning_triche": false,
        "warning_analyse": false,
        "preuve": []
    }
},
{
    "model": "CC.defi",
    "pk": 32,
    "fields": {
        "libelle": 4,
        "enjeu_perso": "",
        "prive": false,
        "etat": "V",
        "date_envoie": "2017-08-25T15:52:34.239Z",
        "date_acceptation": "2017-08-25T15:52:59.582Z",
        "date_execution": "2017-08-25T15:53:07.249Z",
        "date_validation": "2017-08-25T15:53:23.715Z",
        "expire": false,
        "contestation": null,
        "defieur": 7,
        "challengeur": 6,
        "warning_triche": false,
        "warning_analyse": false,
        "preuve": [
            33
        ]
    }
},
{
    "model": "CC.defi",
    "pk": 33,
    "fields": {
        "libelle": 5,
        "enjeu_perso": "",
        "prive": false,
        "etat": "A",
        "date_envoie": "2017-08-25T16:28:08.896Z",
        "date_acceptation": "2017-08-25T16:32:25.602Z",
        "date_execution": null,
        "date_validation": null,
        "expire": false,
        "contestation": null,
        "defieur": 7,
        "challengeur": 6,
        "warning_triche": false,
        "warning_analyse": false,
        "preuve": []
    }
},
{
    "model": "CC.defi",
    "pk": 34,
    "fields": {
        "libelle": 3,
        "enjeu_perso": "",
        "prive": false,
        "etat": "E",
        "date_envoie": "2017-08-25T16:30:12.982Z",
        "date_acceptation": null,
        "date_execution": null,
        "date_validation": null,
        "expire": false,
        "contestation": null,
        "defieur": 6,
        "challengeur": 7,
        "warning_triche": false,
        "warning_analyse": false,
        "preuve": []
    }
},
{
    "model": "CC.actualite",
    "pk": 21,
    "fields": {
        "date": "2017-07-20T19:47:18.474Z",
        "message": "paul a relev\u00e9 le d\u00e9fi de max haut la main! Il devait : Faire 10 pompes",
        "nom": "Defi",
        "personne_concernee": 9,
        "lien": "Sans lien"
    }
},
{
    "model": "CC.actualite",
    "pk": 22,
    "fields": {
        "date": "2017-07-20T19:47:18.474Z",
        "message": "paul a relev\u00e9 le d\u00e9fi de max haut la main! Il devait : Faire 10 pancake en forme de bite",
        "nom": "Defi",
        "personne_concernee": 9,
        "lien": "Sans lien"
    }
},
{
    "model": "CC.actualite",
    "pk": 23,
    "fields": {
        "date": "2017-07-20T19:47:18.474Z",
        "message": "paul a fini sa qu\u00eate : Perdre 10 kg",
        "nom": "Qu\u00eate",
        "personne_concernee": 9,
        "lien": "Sans lien"
    }
},
{
    "model": "CC.actualite",
    "pk": 24,
    "fields": {
        "date": "2017-07-24T16:03:33.751Z",
        "message": "max s'est enroll\u00e9 dans une qu\u00eate \u00e9pique : Perdre 10 kg",
        "nom": "Qu\u00eate",
        "personne_concernee": 6,
        "lien": "/compte/profil_public/?profil=6"
    }
},
{
    "model": "CC.actualite",
    "pk": 25,
    "fields": {
        "date": "2017-07-24T16:03:33.751Z",
        "message": "max s'est enroll\u00e9 dans une qu\u00eate \u00e9pique : Perdre 10 kg",
        "nom": "Qu\u00eate",
        "personne_concernee": 6,
        "lien": "/compte/profil_public/?profil=6"
    }
},
{
    "model": "CC.actualite",
    "pk": 26,
    "fields": {
        "date": "2017-08-07T17:22:44.182Z",
        "message": "max a relev\u00e9 le d\u00e9fi de luc haut la main! Il devait : Dessiner un logo",
        "nom": "Defi",
        "personne_concernee": 6,
        "lien": "Sans lien"
    }
},
{
    "model": "CC.actualite",
    "pk": 27,
    "fields": {
        "date": "2017-08-11T16:18:31.629Z",
        "message": "luc a relev\u00e9 le d\u00e9fi de max haut la main! Il devait : Faire 10 pancake en forme de chien",
        "nom": "Defi",
        "personne_concernee": 7,
        "lien": "Sans lien"
    }
},
{
    "model": "CC.actualite",
    "pk": 28,
    "fields": {
        "date": "2017-08-25T15:44:08.352Z",
        "message": "max a relev\u00e9 le d\u00e9fi de luc haut la main! Il devait : Faire 10 pancake en forme de chien",
        "nom": "Defi",
        "personne_concernee": 6,
        "lien": "Sans lien"
    }
},
{
    "model": "CC.maj",
    "pk": 49,
    "fields": {
        "date": "2017-07-16T00:30:44.045Z"
    }
},
{
    "model": "CC.maj",
    "pk": 50,
    "fields": {
        "date": "2017-07-16T00:33:28.715Z"
    }
},
{
    "model": "CC.maj",
    "pk": 51,
    "fields": {
        "date": "2017-07-16T00:34:39.483Z"
    }
},
{
    "model": "CC.maj",
    "pk": 52,
    "fields": {
        "date": "2017-07-16T00:35:58.388Z"
    }
},
{
    "model": "CC.maj",
    "pk": 53,
    "fields": {
        "date": "2017-07-16T00:37:07.365Z"
    }
},
{
    "model": "CC.maj",
    "pk": 54,
    "fields": {
        "date": "2017-07-16T00:39:30.231Z"
    }
},
{
    "model": "CC.maj",
    "pk": 55,
    "fields": {
        "date": "2017-07-16T00:42:26.040Z"
    }
},
{
    "model": "CC.maj",
    "pk": 56,
    "fields": {
        "date": "2017-07-16T00:43:29.226Z"
    }
},
{
    "model": "CC.maj",
    "pk": 57,
    "fields": {
        "date": "2017-07-16T00:44:56.467Z"
    }
},
{
    "model": "CC.maj",
    "pk": 58,
    "fields": {
        "date": "2017-07-16T15:37:54.487Z"
    }
},
{
    "model": "CC.maj",
    "pk": 59,
    "fields": {
        "date": "2017-07-16T15:39:02.052Z"
    }
},
{
    "model": "CC.maj",
    "pk": 60,
    "fields": {
        "date": "2017-07-16T15:42:44.689Z"
    }
},
{
    "model": "CC.maj",
    "pk": 61,
    "fields": {
        "date": "2017-07-16T15:44:23.333Z"
    }
},
{
    "model": "CC.maj",
    "pk": 62,
    "fields": {
        "date": "2017-07-17T11:53:38.825Z"
    }
},
{
    "model": "CC.maj",
    "pk": 63,
    "fields": {
        "date": "2017-07-17T12:25:29.515Z"
    }
},
{
    "model": "CC.maj",
    "pk": 64,
    "fields": {
        "date": "2017-07-17T12:27:12.410Z"
    }
},
{
    "model": "CC.maj",
    "pk": 65,
    "fields": {
        "date": "2017-07-17T12:29:35.280Z"
    }
},
{
    "model": "CC.maj",
    "pk": 66,
    "fields": {
        "date": "2017-07-17T12:36:59.692Z"
    }
},
{
    "model": "CC.maj",
    "pk": 67,
    "fields": {
        "date": "2017-07-17T16:47:47.497Z"
    }
},
{
    "model": "CC.maj",
    "pk": 68,
    "fields": {
        "date": "2017-07-17T16:59:28.257Z"
    }
},
{
    "model": "CC.maj",
    "pk": 69,
    "fields": {
        "date": "2017-07-17T17:01:26.724Z"
    }
},
{
    "model": "CC.maj",
    "pk": 70,
    "fields": {
        "date": "2017-07-17T17:05:42.329Z"
    }
},
{
    "model": "CC.maj",
    "pk": 71,
    "fields": {
        "date": "2017-07-17T17:06:50.442Z"
    }
},
{
    "model": "CC.maj",
    "pk": 72,
    "fields": {
        "date": "2017-07-17T18:35:41.614Z"
    }
},
{
    "model": "CC.maj",
    "pk": 73,
    "fields": {
        "date": "2017-07-17T18:38:29.933Z"
    }
},
{
    "model": "CC.maj",
    "pk": 74,
    "fields": {
        "date": "2017-07-17T18:40:04.774Z"
    }
},
{
    "model": "CC.maj",
    "pk": 75,
    "fields": {
        "date": "2017-07-20T14:05:50.425Z"
    }
},
{
    "model": "CC.maj",
    "pk": 76,
    "fields": {
        "date": "2017-07-20T14:13:09.438Z"
    }
},
{
    "model": "CC.maj",
    "pk": 77,
    "fields": {
        "date": "2017-07-20T14:18:43.794Z"
    }
},
{
    "model": "CC.maj",
    "pk": 78,
    "fields": {
        "date": "2017-07-20T14:19:44.109Z"
    }
},
{
    "model": "CC.maj",
    "pk": 79,
    "fields": {
        "date": "2017-07-20T19:17:05.492Z"
    }
},
{
    "model": "CC.maj",
    "pk": 80,
    "fields": {
        "date": "2017-07-20T19:18:46.147Z"
    }
},
{
    "model": "CC.maj",
    "pk": 81,
    "fields": {
        "date": "2017-07-20T19:20:10.078Z"
    }
},
{
    "model": "CC.maj",
    "pk": 82,
    "fields": {
        "date": "2017-07-20T19:29:16.534Z"
    }
},
{
    "model": "CC.maj",
    "pk": 83,
    "fields": {
        "date": "2017-07-20T19:30:30.359Z"
    }
},
{
    "model": "CC.maj",
    "pk": 84,
    "fields": {
        "date": "2017-07-20T19:32:32.586Z"
    }
},
{
    "model": "CC.maj",
    "pk": 85,
    "fields": {
        "date": "2017-07-20T19:36:42.981Z"
    }
},
{
    "model": "CC.maj",
    "pk": 86,
    "fields": {
        "date": "2017-07-20T19:37:44.407Z"
    }
},
{
    "model": "CC.maj",
    "pk": 87,
    "fields": {
        "date": "2017-07-20T19:38:44.492Z"
    }
},
{
    "model": "CC.maj",
    "pk": 88,
    "fields": {
        "date": "2017-07-20T19:41:06.311Z"
    }
},
{
    "model": "CC.maj",
    "pk": 89,
    "fields": {
        "date": "2017-07-20T19:47:48.612Z"
    }
},
{
    "model": "CC.maj",
    "pk": 90,
    "fields": {
        "date": "2017-07-20T19:49:08.586Z"
    }
},
{
    "model": "CC.maj",
    "pk": 91,
    "fields": {
        "date": "2017-07-20T19:50:22.635Z"
    }
},
{
    "model": "CC.maj",
    "pk": 92,
    "fields": {
        "date": "2017-07-20T19:52:59.889Z"
    }
},
{
    "model": "CC.maj",
    "pk": 93,
    "fields": {
        "date": "2017-07-20T19:54:04.527Z"
    }
},
{
    "model": "CC.maj",
    "pk": 94,
    "fields": {
        "date": "2017-07-20T19:55:20.371Z"
    }
},
{
    "model": "CC.maj",
    "pk": 95,
    "fields": {
        "date": "2017-07-20T19:56:23.372Z"
    }
},
{
    "model": "CC.maj",
    "pk": 96,
    "fields": {
        "date": "2017-07-20T20:03:46.980Z"
    }
},
{
    "model": "CC.maj",
    "pk": 97,
    "fields": {
        "date": "2017-07-20T20:06:58.392Z"
    }
},
{
    "model": "CC.maj",
    "pk": 98,
    "fields": {
        "date": "2017-07-20T20:08:54.205Z"
    }
},
{
    "model": "CC.maj",
    "pk": 99,
    "fields": {
        "date": "2017-07-21T22:08:36.516Z"
    }
},
{
    "model": "CC.maj",
    "pk": 100,
    "fields": {
        "date": "2017-07-22T14:34:26.153Z"
    }
},
{
    "model": "CC.maj",
    "pk": 101,
    "fields": {
        "date": "2017-07-22T14:41:35.445Z"
    }
},
{
    "model": "CC.maj",
    "pk": 102,
    "fields": {
        "date": "2017-07-22T14:43:27.431Z"
    }
},
{
    "model": "CC.maj",
    "pk": 103,
    "fields": {
        "date": "2017-07-22T14:45:23.456Z"
    }
},
{
    "model": "CC.maj",
    "pk": 104,
    "fields": {
        "date": "2017-07-23T20:34:52.514Z"
    }
},
{
    "model": "CC.maj",
    "pk": 105,
    "fields": {
        "date": "2017-07-23T20:47:22.830Z"
    }
},
{
    "model": "CC.maj",
    "pk": 106,
    "fields": {
        "date": "2017-07-23T20:48:40.977Z"
    }
},
{
    "model": "CC.maj",
    "pk": 107,
    "fields": {
        "date": "2017-07-24T15:35:07.910Z"
    }
},
{
    "model": "CC.maj",
    "pk": 108,
    "fields": {
        "date": "2017-07-24T15:36:40.823Z"
    }
},
{
    "model": "CC.maj",
    "pk": 109,
    "fields": {
        "date": "2017-07-24T15:44:37.198Z"
    }
},
{
    "model": "CC.maj",
    "pk": 110,
    "fields": {
        "date": "2017-07-24T15:46:12.005Z"
    }
},
{
    "model": "CC.maj",
    "pk": 111,
    "fields": {
        "date": "2017-07-24T16:06:11.271Z"
    }
},
{
    "model": "CC.maj",
    "pk": 112,
    "fields": {
        "date": "2017-07-24T17:41:16.522Z"
    }
},
{
    "model": "CC.maj",
    "pk": 113,
    "fields": {
        "date": "2017-07-24T17:45:20.699Z"
    }
},
{
    "model": "CC.maj",
    "pk": 114,
    "fields": {
        "date": "2017-07-24T17:46:35.327Z"
    }
},
{
    "model": "CC.maj",
    "pk": 115,
    "fields": {
        "date": "2017-07-24T17:47:38.854Z"
    }
},
{
    "model": "CC.maj",
    "pk": 116,
    "fields": {
        "date": "2017-07-24T17:48:48.208Z"
    }
},
{
    "model": "CC.maj",
    "pk": 117,
    "fields": {
        "date": "2017-07-24T17:49:48.721Z"
    }
},
{
    "model": "CC.maj",
    "pk": 118,
    "fields": {
        "date": "2017-07-24T17:50:50.901Z"
    }
},
{
    "model": "CC.maj",
    "pk": 119,
    "fields": {
        "date": "2017-07-24T17:52:18.471Z"
    }
},
{
    "model": "CC.maj",
    "pk": 120,
    "fields": {
        "date": "2017-07-24T18:02:19.004Z"
    }
},
{
    "model": "CC.maj",
    "pk": 121,
    "fields": {
        "date": "2017-07-24T18:06:16.286Z"
    }
},
{
    "model": "CC.maj",
    "pk": 122,
    "fields": {
        "date": "2017-07-24T20:26:49.554Z"
    }
},
{
    "model": "CC.maj",
    "pk": 123,
    "fields": {
        "date": "2017-07-25T15:03:38.472Z"
    }
},
{
    "model": "CC.maj",
    "pk": 124,
    "fields": {
        "date": "2017-07-25T16:35:09.436Z"
    }
},
{
    "model": "CC.maj",
    "pk": 125,
    "fields": {
        "date": "2017-07-25T16:42:43.552Z"
    }
},
{
    "model": "CC.maj",
    "pk": 126,
    "fields": {
        "date": "2017-07-25T16:46:13.219Z"
    }
},
{
    "model": "CC.maj",
    "pk": 127,
    "fields": {
        "date": "2017-07-26T16:39:01.931Z"
    }
},
{
    "model": "CC.maj",
    "pk": 128,
    "fields": {
        "date": "2017-07-28T16:37:05.767Z"
    }
},
{
    "model": "CC.maj",
    "pk": 129,
    "fields": {
        "date": "2017-07-28T18:58:40.780Z"
    }
},
{
    "model": "CC.maj",
    "pk": 130,
    "fields": {
        "date": "2017-07-28T22:43:37.311Z"
    }
},
{
    "model": "CC.maj",
    "pk": 131,
    "fields": {
        "date": "2017-07-29T14:11:56.900Z"
    }
},
{
    "model": "CC.maj",
    "pk": 132,
    "fields": {
        "date": "2017-07-29T14:21:56.581Z"
    }
},
{
    "model": "CC.maj",
    "pk": 133,
    "fields": {
        "date": "2017-07-29T14:28:58.187Z"
    }
},
{
    "model": "CC.maj",
    "pk": 134,
    "fields": {
        "date": "2017-07-29T14:40:33.124Z"
    }
},
{
    "model": "CC.maj",
    "pk": 135,
    "fields": {
        "date": "2017-07-29T22:53:15.602Z"
    }
},
{
    "model": "CC.maj",
    "pk": 136,
    "fields": {
        "date": "2017-07-29T23:29:55.027Z"
    }
},
{
    "model": "CC.maj",
    "pk": 137,
    "fields": {
        "date": "2017-07-30T13:59:54.058Z"
    }
},
{
    "model": "CC.maj",
    "pk": 138,
    "fields": {
        "date": "2017-07-30T14:00:57.939Z"
    }
},
{
    "model": "CC.maj",
    "pk": 139,
    "fields": {
        "date": "2017-07-30T14:08:09.947Z"
    }
},
{
    "model": "CC.maj",
    "pk": 140,
    "fields": {
        "date": "2017-07-30T14:16:15.271Z"
    }
},
{
    "model": "CC.maj",
    "pk": 141,
    "fields": {
        "date": "2017-07-30T16:03:58.858Z"
    }
},
{
    "model": "CC.maj",
    "pk": 142,
    "fields": {
        "date": "2017-07-30T16:09:37.482Z"
    }
},
{
    "model": "CC.maj",
    "pk": 143,
    "fields": {
        "date": "2017-08-06T19:03:28.960Z"
    }
},
{
    "model": "CC.maj",
    "pk": 144,
    "fields": {
        "date": "2017-08-06T20:05:24.643Z"
    }
},
{
    "model": "CC.maj",
    "pk": 145,
    "fields": {
        "date": "2017-08-06T20:07:10.730Z"
    }
},
{
    "model": "CC.maj",
    "pk": 146,
    "fields": {
        "date": "2017-08-06T20:08:11.530Z"
    }
},
{
    "model": "CC.maj",
    "pk": 147,
    "fields": {
        "date": "2017-08-06T20:12:22.351Z"
    }
},
{
    "model": "CC.maj",
    "pk": 148,
    "fields": {
        "date": "2017-08-06T20:14:00.632Z"
    }
},
{
    "model": "CC.maj",
    "pk": 149,
    "fields": {
        "date": "2017-08-06T20:16:32.195Z"
    }
},
{
    "model": "CC.maj",
    "pk": 150,
    "fields": {
        "date": "2017-08-06T20:24:29.781Z"
    }
},
{
    "model": "CC.maj",
    "pk": 151,
    "fields": {
        "date": "2017-08-06T20:25:47.851Z"
    }
},
{
    "model": "CC.maj",
    "pk": 152,
    "fields": {
        "date": "2017-08-06T20:31:23.503Z"
    }
},
{
    "model": "CC.maj",
    "pk": 153,
    "fields": {
        "date": "2017-08-06T20:32:54.157Z"
    }
},
{
    "model": "CC.maj",
    "pk": 154,
    "fields": {
        "date": "2017-08-06T20:34:14.900Z"
    }
},
{
    "model": "CC.maj",
    "pk": 155,
    "fields": {
        "date": "2017-08-06T20:35:16.744Z"
    }
},
{
    "model": "CC.maj",
    "pk": 156,
    "fields": {
        "date": "2017-08-06T20:36:31.782Z"
    }
},
{
    "model": "CC.maj",
    "pk": 157,
    "fields": {
        "date": "2017-08-06T20:37:31.934Z"
    }
},
{
    "model": "CC.maj",
    "pk": 158,
    "fields": {
        "date": "2017-08-07T16:25:05.859Z"
    }
},
{
    "model": "CC.maj",
    "pk": 159,
    "fields": {
        "date": "2017-08-07T16:56:45.071Z"
    }
},
{
    "model": "CC.maj",
    "pk": 160,
    "fields": {
        "date": "2017-08-07T17:03:55.307Z"
    }
},
{
    "model": "CC.maj",
    "pk": 161,
    "fields": {
        "date": "2017-08-07T17:05:12.812Z"
    }
},
{
    "model": "CC.maj",
    "pk": 162,
    "fields": {
        "date": "2017-08-07T17:07:18.187Z"
    }
},
{
    "model": "CC.maj",
    "pk": 163,
    "fields": {
        "date": "2017-08-07T17:09:13.741Z"
    }
},
{
    "model": "CC.maj",
    "pk": 164,
    "fields": {
        "date": "2017-08-07T17:12:18.338Z"
    }
},
{
    "model": "CC.maj",
    "pk": 165,
    "fields": {
        "date": "2017-08-07T17:13:28.643Z"
    }
},
{
    "model": "CC.maj",
    "pk": 166,
    "fields": {
        "date": "2017-08-07T17:16:28.771Z"
    }
},
{
    "model": "CC.maj",
    "pk": 167,
    "fields": {
        "date": "2017-08-07T17:24:30.146Z"
    }
},
{
    "model": "CC.maj",
    "pk": 168,
    "fields": {
        "date": "2017-08-07T17:25:33.205Z"
    }
},
{
    "model": "CC.maj",
    "pk": 169,
    "fields": {
        "date": "2017-08-09T15:05:41.636Z"
    }
},
{
    "model": "CC.maj",
    "pk": 170,
    "fields": {
        "date": "2017-08-09T15:10:00.849Z"
    }
},
{
    "model": "CC.maj",
    "pk": 171,
    "fields": {
        "date": "2017-08-09T15:17:36.971Z"
    }
},
{
    "model": "CC.maj",
    "pk": 172,
    "fields": {
        "date": "2017-08-09T15:21:37.573Z"
    }
},
{
    "model": "CC.maj",
    "pk": 173,
    "fields": {
        "date": "2017-08-09T20:44:00.770Z"
    }
},
{
    "model": "CC.maj",
    "pk": 174,
    "fields": {
        "date": "2017-08-09T20:48:25.060Z"
    }
},
{
    "model": "CC.maj",
    "pk": 175,
    "fields": {
        "date": "2017-08-11T15:34:08.053Z"
    }
},
{
    "model": "CC.maj",
    "pk": 176,
    "fields": {
        "date": "2017-08-11T15:36:44.842Z"
    }
},
{
    "model": "CC.maj",
    "pk": 177,
    "fields": {
        "date": "2017-08-11T15:54:36.915Z"
    }
},
{
    "model": "CC.maj",
    "pk": 178,
    "fields": {
        "date": "2017-08-11T15:56:10.175Z"
    }
},
{
    "model": "CC.maj",
    "pk": 179,
    "fields": {
        "date": "2017-08-11T15:57:25.886Z"
    }
},
{
    "model": "CC.maj",
    "pk": 180,
    "fields": {
        "date": "2017-08-11T15:58:46.181Z"
    }
},
{
    "model": "CC.maj",
    "pk": 181,
    "fields": {
        "date": "2017-08-11T16:00:45.790Z"
    }
},
{
    "model": "CC.maj",
    "pk": 182,
    "fields": {
        "date": "2017-08-11T16:02:48.654Z"
    }
},
{
    "model": "CC.maj",
    "pk": 183,
    "fields": {
        "date": "2017-08-11T16:06:39.875Z"
    }
},
{
    "model": "CC.maj",
    "pk": 184,
    "fields": {
        "date": "2017-08-11T16:09:15.728Z"
    }
},
{
    "model": "CC.maj",
    "pk": 185,
    "fields": {
        "date": "2017-08-11T16:14:17.526Z"
    }
},
{
    "model": "CC.maj",
    "pk": 186,
    "fields": {
        "date": "2017-08-11T16:16:50.711Z"
    }
},
{
    "model": "CC.maj",
    "pk": 187,
    "fields": {
        "date": "2017-08-11T16:18:47.610Z"
    }
},
{
    "model": "CC.maj",
    "pk": 188,
    "fields": {
        "date": "2017-08-11T16:20:06.162Z"
    }
},
{
    "model": "CC.maj",
    "pk": 189,
    "fields": {
        "date": "2017-08-11T16:21:18.762Z"
    }
},
{
    "model": "CC.maj",
    "pk": 190,
    "fields": {
        "date": "2017-08-11T16:22:35.139Z"
    }
},
{
    "model": "CC.maj",
    "pk": 191,
    "fields": {
        "date": "2017-08-11T16:23:50.766Z"
    }
},
{
    "model": "CC.maj",
    "pk": 192,
    "fields": {
        "date": "2017-08-11T16:25:19.551Z"
    }
},
{
    "model": "CC.maj",
    "pk": 193,
    "fields": {
        "date": "2017-08-11T16:26:44.468Z"
    }
},
{
    "model": "CC.maj",
    "pk": 194,
    "fields": {
        "date": "2017-08-11T16:28:54.508Z"
    }
},
{
    "model": "CC.maj",
    "pk": 195,
    "fields": {
        "date": "2017-08-11T16:31:19.152Z"
    }
},
{
    "model": "CC.maj",
    "pk": 196,
    "fields": {
        "date": "2017-08-11T16:32:30.942Z"
    }
},
{
    "model": "CC.maj",
    "pk": 197,
    "fields": {
        "date": "2017-08-11T16:34:05.532Z"
    }
},
{
    "model": "CC.maj",
    "pk": 198,
    "fields": {
        "date": "2017-08-11T16:35:09.550Z"
    }
},
{
    "model": "CC.maj",
    "pk": 199,
    "fields": {
        "date": "2017-08-11T16:39:37.840Z"
    }
},
{
    "model": "CC.maj",
    "pk": 200,
    "fields": {
        "date": "2017-08-11T16:41:10.302Z"
    }
},
{
    "model": "CC.maj",
    "pk": 201,
    "fields": {
        "date": "2017-08-11T16:43:16.463Z"
    }
},
{
    "model": "CC.maj",
    "pk": 202,
    "fields": {
        "date": "2017-08-11T16:45:56.748Z"
    }
},
{
    "model": "CC.maj",
    "pk": 203,
    "fields": {
        "date": "2017-08-11T16:47:03.654Z"
    }
},
{
    "model": "CC.maj",
    "pk": 204,
    "fields": {
        "date": "2017-08-11T16:48:52.142Z"
    }
},
{
    "model": "CC.maj",
    "pk": 205,
    "fields": {
        "date": "2017-08-11T16:50:02.326Z"
    }
},
{
    "model": "CC.maj",
    "pk": 206,
    "fields": {
        "date": "2017-08-11T16:54:15.883Z"
    }
},
{
    "model": "CC.maj",
    "pk": 207,
    "fields": {
        "date": "2017-08-11T16:55:36.422Z"
    }
},
{
    "model": "CC.maj",
    "pk": 208,
    "fields": {
        "date": "2017-08-11T16:57:58.929Z"
    }
},
{
    "model": "CC.maj",
    "pk": 209,
    "fields": {
        "date": "2017-08-11T16:59:00.312Z"
    }
},
{
    "model": "CC.maj",
    "pk": 210,
    "fields": {
        "date": "2017-08-11T17:00:25.897Z"
    }
},
{
    "model": "CC.maj",
    "pk": 211,
    "fields": {
        "date": "2017-08-11T17:02:42.537Z"
    }
},
{
    "model": "CC.maj",
    "pk": 212,
    "fields": {
        "date": "2017-08-11T17:03:45.281Z"
    }
},
{
    "model": "CC.maj",
    "pk": 213,
    "fields": {
        "date": "2017-08-11T17:05:08.586Z"
    }
},
{
    "model": "CC.maj",
    "pk": 214,
    "fields": {
        "date": "2017-08-11T17:06:34.504Z"
    }
},
{
    "model": "CC.maj",
    "pk": 215,
    "fields": {
        "date": "2017-08-11T17:07:43.680Z"
    }
},
{
    "model": "CC.maj",
    "pk": 216,
    "fields": {
        "date": "2017-08-11T17:09:03.602Z"
    }
},
{
    "model": "CC.maj",
    "pk": 217,
    "fields": {
        "date": "2017-08-11T17:10:05.128Z"
    }
},
{
    "model": "CC.maj",
    "pk": 218,
    "fields": {
        "date": "2017-08-11T17:11:15.245Z"
    }
},
{
    "model": "CC.maj",
    "pk": 219,
    "fields": {
        "date": "2017-08-11T17:12:15.723Z"
    }
},
{
    "model": "CC.maj",
    "pk": 220,
    "fields": {
        "date": "2017-08-11T17:13:46.874Z"
    }
},
{
    "model": "CC.maj",
    "pk": 221,
    "fields": {
        "date": "2017-08-11T18:01:57.062Z"
    }
},
{
    "model": "CC.maj",
    "pk": 222,
    "fields": {
        "date": "2017-08-11T18:05:57.995Z"
    }
},
{
    "model": "CC.maj",
    "pk": 223,
    "fields": {
        "date": "2017-08-11T18:20:59.496Z"
    }
},
{
    "model": "CC.maj",
    "pk": 224,
    "fields": {
        "date": "2017-08-11T18:22:01.845Z"
    }
},
{
    "model": "CC.maj",
    "pk": 225,
    "fields": {
        "date": "2017-08-11T18:23:09.294Z"
    }
},
{
    "model": "CC.maj",
    "pk": 226,
    "fields": {
        "date": "2017-08-11T18:24:44.710Z"
    }
},
{
    "model": "CC.maj",
    "pk": 227,
    "fields": {
        "date": "2017-08-11T18:26:09.777Z"
    }
},
{
    "model": "CC.maj",
    "pk": 228,
    "fields": {
        "date": "2017-08-11T18:27:40.884Z"
    }
},
{
    "model": "CC.maj",
    "pk": 229,
    "fields": {
        "date": "2017-08-11T18:31:29.354Z"
    }
},
{
    "model": "CC.maj",
    "pk": 230,
    "fields": {
        "date": "2017-08-11T18:32:36.591Z"
    }
},
{
    "model": "CC.maj",
    "pk": 231,
    "fields": {
        "date": "2017-08-11T18:37:09.167Z"
    }
},
{
    "model": "CC.maj",
    "pk": 232,
    "fields": {
        "date": "2017-08-11T18:39:40.967Z"
    }
},
{
    "model": "CC.maj",
    "pk": 233,
    "fields": {
        "date": "2017-08-11T18:40:47.432Z"
    }
},
{
    "model": "CC.maj",
    "pk": 234,
    "fields": {
        "date": "2017-08-11T18:44:26.982Z"
    }
},
{
    "model": "CC.maj",
    "pk": 235,
    "fields": {
        "date": "2017-08-11T18:45:29.045Z"
    }
},
{
    "model": "CC.maj",
    "pk": 236,
    "fields": {
        "date": "2017-08-11T18:48:06.220Z"
    }
},
{
    "model": "CC.maj",
    "pk": 237,
    "fields": {
        "date": "2017-08-11T18:50:40.395Z"
    }
},
{
    "model": "CC.maj",
    "pk": 238,
    "fields": {
        "date": "2017-08-11T18:51:48.645Z"
    }
},
{
    "model": "CC.maj",
    "pk": 239,
    "fields": {
        "date": "2017-08-12T07:52:17.852Z"
    }
},
{
    "model": "CC.maj",
    "pk": 240,
    "fields": {
        "date": "2017-08-12T07:55:47.325Z"
    }
},
{
    "model": "CC.maj",
    "pk": 241,
    "fields": {
        "date": "2017-08-12T08:12:20.096Z"
    }
},
{
    "model": "CC.maj",
    "pk": 242,
    "fields": {
        "date": "2017-08-12T08:48:59.765Z"
    }
},
{
    "model": "CC.maj",
    "pk": 243,
    "fields": {
        "date": "2017-08-12T08:51:07.551Z"
    }
},
{
    "model": "CC.maj",
    "pk": 244,
    "fields": {
        "date": "2017-08-12T09:15:25.866Z"
    }
},
{
    "model": "CC.maj",
    "pk": 245,
    "fields": {
        "date": "2017-08-12T09:31:13.396Z"
    }
},
{
    "model": "CC.maj",
    "pk": 246,
    "fields": {
        "date": "2017-08-12T09:32:15.378Z"
    }
},
{
    "model": "CC.maj",
    "pk": 247,
    "fields": {
        "date": "2017-08-12T09:33:25.946Z"
    }
},
{
    "model": "CC.maj",
    "pk": 248,
    "fields": {
        "date": "2017-08-12T09:34:28.815Z"
    }
},
{
    "model": "CC.maj",
    "pk": 249,
    "fields": {
        "date": "2017-08-12T09:36:00.656Z"
    }
},
{
    "model": "CC.maj",
    "pk": 250,
    "fields": {
        "date": "2017-08-12T09:37:07.345Z"
    }
},
{
    "model": "CC.maj",
    "pk": 251,
    "fields": {
        "date": "2017-08-12T09:38:18.704Z"
    }
},
{
    "model": "CC.maj",
    "pk": 252,
    "fields": {
        "date": "2017-08-12T09:39:43.743Z"
    }
},
{
    "model": "CC.maj",
    "pk": 253,
    "fields": {
        "date": "2017-08-12T09:42:33.136Z"
    }
},
{
    "model": "CC.maj",
    "pk": 254,
    "fields": {
        "date": "2017-08-12T09:43:39.246Z"
    }
},
{
    "model": "CC.maj",
    "pk": 255,
    "fields": {
        "date": "2017-08-12T09:44:58.477Z"
    }
},
{
    "model": "CC.maj",
    "pk": 256,
    "fields": {
        "date": "2017-08-12T09:57:57.394Z"
    }
},
{
    "model": "CC.maj",
    "pk": 257,
    "fields": {
        "date": "2017-08-15T23:27:46.916Z"
    }
},
{
    "model": "CC.maj",
    "pk": 258,
    "fields": {
        "date": "2017-08-15T23:35:31.790Z"
    }
},
{
    "model": "CC.maj",
    "pk": 259,
    "fields": {
        "date": "2017-08-15T23:38:33.694Z"
    }
},
{
    "model": "CC.maj",
    "pk": 260,
    "fields": {
        "date": "2017-08-15T23:42:12.555Z"
    }
},
{
    "model": "CC.maj",
    "pk": 261,
    "fields": {
        "date": "2017-08-20T13:53:55.209Z"
    }
},
{
    "model": "CC.maj",
    "pk": 262,
    "fields": {
        "date": "2017-08-20T13:57:41.186Z"
    }
},
{
    "model": "CC.maj",
    "pk": 263,
    "fields": {
        "date": "2017-08-20T14:00:47.416Z"
    }
},
{
    "model": "CC.maj",
    "pk": 264,
    "fields": {
        "date": "2017-08-20T14:04:45.940Z"
    }
},
{
    "model": "CC.maj",
    "pk": 265,
    "fields": {
        "date": "2017-08-20T15:12:27.433Z"
    }
},
{
    "model": "CC.maj",
    "pk": 266,
    "fields": {
        "date": "2017-08-20T15:39:33.055Z"
    }
},
{
    "model": "CC.maj",
    "pk": 267,
    "fields": {
        "date": "2017-08-20T16:09:47.473Z"
    }
},
{
    "model": "CC.maj",
    "pk": 268,
    "fields": {
        "date": "2017-08-20T16:21:24.908Z"
    }
},
{
    "model": "CC.maj",
    "pk": 269,
    "fields": {
        "date": "2017-08-20T17:43:50.105Z"
    }
},
{
    "model": "CC.maj",
    "pk": 270,
    "fields": {
        "date": "2017-08-24T20:21:25.933Z"
    }
},
{
    "model": "CC.maj",
    "pk": 271,
    "fields": {
        "date": "2017-08-25T14:33:13.300Z"
    }
},
{
    "model": "CC.maj",
    "pk": 272,
    "fields": {
        "date": "2017-08-25T14:36:19.759Z"
    }
},
{
    "model": "CC.maj",
    "pk": 273,
    "fields": {
        "date": "2017-08-25T14:39:30.299Z"
    }
},
{
    "model": "CC.maj",
    "pk": 274,
    "fields": {
        "date": "2017-08-25T14:43:36.133Z"
    }
},
{
    "model": "CC.maj",
    "pk": 275,
    "fields": {
        "date": "2017-08-25T14:52:45.154Z"
    }
},
{
    "model": "CC.maj",
    "pk": 276,
    "fields": {
        "date": "2017-08-25T15:07:10.629Z"
    }
},
{
    "model": "CC.maj",
    "pk": 277,
    "fields": {
        "date": "2017-08-25T15:11:54.795Z"
    }
},
{
    "model": "CC.maj",
    "pk": 278,
    "fields": {
        "date": "2017-08-25T15:16:13.498Z"
    }
},
{
    "model": "CC.maj",
    "pk": 279,
    "fields": {
        "date": "2017-08-25T15:19:18.863Z"
    }
},
{
    "model": "CC.maj",
    "pk": 280,
    "fields": {
        "date": "2017-08-25T15:22:41.123Z"
    }
},
{
    "model": "CC.maj",
    "pk": 281,
    "fields": {
        "date": "2017-08-25T15:33:25.799Z"
    }
},
{
    "model": "CC.maj",
    "pk": 282,
    "fields": {
        "date": "2017-08-25T15:42:31.591Z"
    }
},
{
    "model": "CC.maj",
    "pk": 283,
    "fields": {
        "date": "2017-08-25T15:52:23.681Z"
    }
},
{
    "model": "CC.maj",
    "pk": 284,
    "fields": {
        "date": "2017-08-25T15:55:25.214Z"
    }
},
{
    "model": "CC.maj",
    "pk": 285,
    "fields": {
        "date": "2017-08-25T15:59:11.686Z"
    }
},
{
    "model": "CC.maj",
    "pk": 286,
    "fields": {
        "date": "2017-08-25T16:02:22.154Z"
    }
},
{
    "model": "CC.maj",
    "pk": 287,
    "fields": {
        "date": "2017-08-25T16:05:55.313Z"
    }
},
{
    "model": "CC.maj",
    "pk": 288,
    "fields": {
        "date": "2017-08-25T16:09:00.407Z"
    }
},
{
    "model": "CC.maj",
    "pk": 289,
    "fields": {
        "date": "2017-08-25T16:12:08.787Z"
    }
},
{
    "model": "CC.maj",
    "pk": 290,
    "fields": {
        "date": "2017-08-25T16:15:09.997Z"
    }
},
{
    "model": "CC.maj",
    "pk": 291,
    "fields": {
        "date": "2017-08-25T16:18:12.977Z"
    }
},
{
    "model": "CC.maj",
    "pk": 292,
    "fields": {
        "date": "2017-08-25T16:21:40.370Z"
    }
},
{
    "model": "CC.maj",
    "pk": 293,
    "fields": {
        "date": "2017-08-25T16:27:57.300Z"
    }
},
{
    "model": "CC.maj",
    "pk": 294,
    "fields": {
        "date": "2017-08-25T16:31:50.799Z"
    }
},
{
    "model": "CC.maj",
    "pk": 295,
    "fields": {
        "date": "2017-08-25T16:36:07.684Z"
    }
},
{
    "model": "CC.maj",
    "pk": 296,
    "fields": {
        "date": "2017-08-25T16:54:29.448Z"
    }
},
{
    "model": "CC.maj",
    "pk": 297,
    "fields": {
        "date": "2017-08-25T16:58:09.371Z"
    }
},
{
    "model": "CC.maj",
    "pk": 298,
    "fields": {
        "date": "2017-08-25T17:07:25.255Z"
    }
},
{
    "model": "CC.maj",
    "pk": 299,
    "fields": {
        "date": "2017-08-25T17:16:03.188Z"
    }
},
{
    "model": "CC.maj",
    "pk": 300,
    "fields": {
        "date": "2017-08-25T17:19:12.130Z"
    }
},
{
    "model": "CC.maj",
    "pk": 301,
    "fields": {
        "date": "2017-08-25T17:22:28.576Z"
    }
},
{
    "model": "CC.maj",
    "pk": 302,
    "fields": {
        "date": "2017-08-25T17:25:34.743Z"
    }
},
{
    "model": "CC.maj",
    "pk": 303,
    "fields": {
        "date": "2017-08-25T17:29:09.340Z"
    }
},
{
    "model": "CC.maj",
    "pk": 304,
    "fields": {
        "date": "2017-08-25T17:34:50.745Z"
    }
},
{
    "model": "CC.maj",
    "pk": 305,
    "fields": {
        "date": "2017-08-25T17:38:27.652Z"
    }
}
]
